0,1
Datasets\captcha_images_v2\8085fb.png,8085fb
Datasets\captcha_images_v2\030c69.png,030c69
Datasets\captcha_images_v2\7dda43.png,7dda43
Datasets\captcha_images_v2\AgBYZj.png,AgBYZj
Datasets\captcha_images_v2\894778.png,894778
Datasets\captcha_images_v2\2f185e.png,2f185e
Datasets\captcha_images_v2\deae02.png,deae02
Datasets\captcha_images_v2\WrphaP.png,WrphaP
Datasets\captcha_images_v2\NMIQY1.png,NMIQY1
Datasets\captcha_images_v2\d2b1bd.png,d2b1bd
Datasets\captcha_images_v2\9eLBqr.png,9eLBqr
Datasets\captcha_images_v2\X88vmg.png,X88vmg
Datasets\captcha_images_v2\0a89e1.png,0a89e1
Datasets\captcha_images_v2\QY8zgy.png,QY8zgy
Datasets\captcha_images_v2\Lm3hku.png,Lm3hku
Datasets\captcha_images_v2\mjYFi2.png,mjYFi2
Datasets\captcha_images_v2\a1147f.png,a1147f
Datasets\captcha_images_v2\OdE9hI.png,OdE9hI
Datasets\captcha_images_v2\Denfsx.png,Denfsx
Datasets\captcha_images_v2\bcLiYy.png,bcLiYy
Datasets\captcha_images_v2\75d9ac.png,75d9ac
Datasets\captcha_images_v2\10bba6.png,10bba6
Datasets\captcha_images_v2\fb27df.png,fb27df
Datasets\captcha_images_v2\DlVSmA.png,DlVSmA
Datasets\captcha_images_v2\BixIwQ.png,BixIwQ
Datasets\captcha_images_v2\cGWW90.png,cGWW90
Datasets\captcha_images_v2\eff54c.png,eff54c
Datasets\captcha_images_v2\xgAgwe.png,xgAgwe
Datasets\captcha_images_v2\Y2Asgs.png,Y2Asgs
Datasets\captcha_images_v2\be2043.png,be2043
Datasets\captcha_images_v2\XZzldb.png,XZzldb
Datasets\captcha_images_v2\385375.png,385375
Datasets\captcha_images_v2\ZSwets.png,ZSwets
Datasets\captcha_images_v2\e8cbd9.png,e8cbd9
Datasets\captcha_images_v2\0afd59.png,0afd59
Datasets\captcha_images_v2\9aca28.png,9aca28
Datasets\captcha_images_v2\PgTIRT.png,PgTIRT
Datasets\captcha_images_v2\521ac5.png,521ac5
Datasets\captcha_images_v2\cf8182.png,cf8182
Datasets\captcha_images_v2\OzZ3XE.png,OzZ3XE
Datasets\captcha_images_v2\t8Zc5h.png,t8Zc5h
Datasets\captcha_images_v2\789c9a.png,789c9a
Datasets\captcha_images_v2\FJkTM9.png,FJkTM9
Datasets\captcha_images_v2\1HTd9j.png,1HTd9j
Datasets\captcha_images_v2\dqHXTn.png,dqHXTn
Datasets\captcha_images_v2\lU6bJD.png,lU6bJD
Datasets\captcha_images_v2\0zlLnW.png,0zlLnW
Datasets\captcha_images_v2\3d9067.png,3d9067
Datasets\captcha_images_v2\sZ3YwQ.png,sZ3YwQ
Datasets\captcha_images_v2\66619b.png,66619b
Datasets\captcha_images_v2\eade60.png,eade60
Datasets\captcha_images_v2\58eeef.png,58eeef
Datasets\captcha_images_v2\d58pGP.png,d58pGP
Datasets\captcha_images_v2\cYYNRm.png,cYYNRm
Datasets\captcha_images_v2\QjQrs1.png,QjQrs1
Datasets\captcha_images_v2\6e4a9b.png,6e4a9b
Datasets\captcha_images_v2\Iu9eTa.png,Iu9eTa
Datasets\captcha_images_v2\BZEFOd.png,BZEFOd
Datasets\captcha_images_v2\ead25b.png,ead25b
Datasets\captcha_images_v2\oFBCy7.png,oFBCy7
Datasets\captcha_images_v2\7670b0.png,7670b0
Datasets\captcha_images_v2\d13538.png,d13538
Datasets\captcha_images_v2\427a74.png,427a74
Datasets\captcha_images_v2\C5TePP.png,C5TePP
Datasets\captcha_images_v2\V29Wnp.png,V29Wnp
Datasets\captcha_images_v2\m1W9ni.png,m1W9ni
Datasets\captcha_images_v2\mDO7fu.png,mDO7fu
Datasets\captcha_images_v2\c6ddca.png,c6ddca
Datasets\captcha_images_v2\lZNqme.png,lZNqme
Datasets\captcha_images_v2\fe14c9.png,fe14c9
Datasets\captcha_images_v2\4rxJEl.png,4rxJEl
Datasets\captcha_images_v2\d2c9b0.png,d2c9b0
Datasets\captcha_images_v2\04d963.png,04d963
Datasets\captcha_images_v2\1751b1.png,1751b1
Datasets\captcha_images_v2\87e3c7.png,87e3c7
Datasets\captcha_images_v2\MZVpR4.png,MZVpR4
Datasets\captcha_images_v2\95f32b.png,95f32b
Datasets\captcha_images_v2\71b92f.png,71b92f
Datasets\captcha_images_v2\d9fb52.png,d9fb52
Datasets\captcha_images_v2\837787.png,837787
Datasets\captcha_images_v2\bac2c3.png,bac2c3
Datasets\captcha_images_v2\2d5e02.png,2d5e02
Datasets\captcha_images_v2\Z9j0Gq.png,Z9j0Gq
Datasets\captcha_images_v2\7XF415.png,7XF415
Datasets\captcha_images_v2\475a21.png,475a21
Datasets\captcha_images_v2\esxT93.png,esxT93
Datasets\captcha_images_v2\63b11b.png,63b11b
Datasets\captcha_images_v2\FVqGkL.png,FVqGkL
Datasets\captcha_images_v2\ab9242.png,ab9242
Datasets\captcha_images_v2\2MT05P.png,2MT05P
Datasets\captcha_images_v2\LjlpUT.png,LjlpUT
Datasets\captcha_images_v2\dcdf6a.png,dcdf6a
Datasets\captcha_images_v2\WTORm4.png,WTORm4
Datasets\captcha_images_v2\3304fd.png,3304fd
Datasets\captcha_images_v2\B9sF5z.png,B9sF5z
Datasets\captcha_images_v2\550af4.png,550af4
Datasets\captcha_images_v2\TeFaLO.png,TeFaLO
Datasets\captcha_images_v2\197c0a.png,197c0a
Datasets\captcha_images_v2\adbcb6.png,adbcb6
Datasets\captcha_images_v2\380122.png,380122
Datasets\captcha_images_v2\88f3bc.png,88f3bc
Datasets\captcha_images_v2\jX5qHD.png,jX5qHD
Datasets\captcha_images_v2\c186c6.png,c186c6
Datasets\captcha_images_v2\wBAlKF.png,wBAlKF
Datasets\captcha_images_v2\82d6bd.png,82d6bd
Datasets\captcha_images_v2\3a0081.png,3a0081
Datasets\captcha_images_v2\e3734e.png,e3734e
Datasets\captcha_images_v2\OFlU0g.png,OFlU0g
Datasets\captcha_images_v2\9bfdb1.png,9bfdb1
Datasets\captcha_images_v2\814580.png,814580
Datasets\captcha_images_v2\244d04.png,244d04
Datasets\captcha_images_v2\RJv7sH.png,RJv7sH
Datasets\captcha_images_v2\RtF2Rp.png,RtF2Rp
Datasets\captcha_images_v2\iG4ey8.png,iG4ey8
Datasets\captcha_images_v2\1E5DEk.png,1E5DEk
Datasets\captcha_images_v2\KGbL2s.png,KGbL2s
Datasets\captcha_images_v2\GQolvB.png,GQolvB
Datasets\captcha_images_v2\91843b.png,91843b
Datasets\captcha_images_v2\MM7cTH.png,MM7cTH
Datasets\captcha_images_v2\eff2ca.png,eff2ca
Datasets\captcha_images_v2\9f7ade.png,9f7ade
Datasets\captcha_images_v2\b0462a.png,b0462a
Datasets\captcha_images_v2\006548.png,006548
Datasets\captcha_images_v2\DecQft.png,DecQft
Datasets\captcha_images_v2\9DAVFn.png,9DAVFn
Datasets\captcha_images_v2\6svinO.png,6svinO
Datasets\captcha_images_v2\0h9AmV.png,0h9AmV
Datasets\captcha_images_v2\cXdjb6.png,cXdjb6
Datasets\captcha_images_v2\36TZxF.png,36TZxF
Datasets\captcha_images_v2\GeUS4p.png,GeUS4p
Datasets\captcha_images_v2\7ODyUp.png,7ODyUp
Datasets\captcha_images_v2\Wo3i8A.png,Wo3i8A
Datasets\captcha_images_v2\ff11ec.png,ff11ec
Datasets\captcha_images_v2\WWB0Lh.png,WWB0Lh
Datasets\captcha_images_v2\5nhlX1.png,5nhlX1
Datasets\captcha_images_v2\6559e4.png,6559e4
Datasets\captcha_images_v2\YSOAZq.png,YSOAZq
Datasets\captcha_images_v2\2f8961.png,2f8961
Datasets\captcha_images_v2\DvV2Is.png,DvV2Is
Datasets\captcha_images_v2\Gzwpd4.png,Gzwpd4
Datasets\captcha_images_v2\6260c7.png,6260c7
Datasets\captcha_images_v2\2615f3.png,2615f3
Datasets\captcha_images_v2\ZuuJ85.png,ZuuJ85
Datasets\captcha_images_v2\QusIG7.png,QusIG7
Datasets\captcha_images_v2\0Eis9c.png,0Eis9c
Datasets\captcha_images_v2\a58baa.png,a58baa
Datasets\captcha_images_v2\a51c08.png,a51c08
Datasets\captcha_images_v2\34d6f7.png,34d6f7
Datasets\captcha_images_v2\b6b025.png,b6b025
Datasets\captcha_images_v2\3FXCxN.png,3FXCxN
Datasets\captcha_images_v2\Fww9B9.png,Fww9B9
Datasets\captcha_images_v2\85f12b.png,85f12b
Datasets\captcha_images_v2\fc3cfa.png,fc3cfa
Datasets\captcha_images_v2\be3cc8.png,be3cc8
Datasets\captcha_images_v2\58ec67.png,58ec67
Datasets\captcha_images_v2\GmQe9H.png,GmQe9H
Datasets\captcha_images_v2\bPD4jz.png,bPD4jz
Datasets\captcha_images_v2\Hk1FON.png,Hk1FON
Datasets\captcha_images_v2\9NY7rR.png,9NY7rR
Datasets\captcha_images_v2\571d1e.png,571d1e
Datasets\captcha_images_v2\be589f.png,be589f
Datasets\captcha_images_v2\AxKUlX.png,AxKUlX
Datasets\captcha_images_v2\zCWuS4.png,zCWuS4
Datasets\captcha_images_v2\9b11f8.png,9b11f8
Datasets\captcha_images_v2\72c5a2.png,72c5a2
Datasets\captcha_images_v2\sTDWiZ.png,sTDWiZ
Datasets\captcha_images_v2\01ec74.png,01ec74
Datasets\captcha_images_v2\394128.png,394128
Datasets\captcha_images_v2\9de7cf.png,9de7cf
Datasets\captcha_images_v2\1bb12a.png,1bb12a
Datasets\captcha_images_v2\a96012.png,a96012
Datasets\captcha_images_v2\7cd4bd.png,7cd4bd
Datasets\captcha_images_v2\948469.png,948469
Datasets\captcha_images_v2\G87Vgs.png,G87Vgs
Datasets\captcha_images_v2\a8c499.png,a8c499
Datasets\captcha_images_v2\31dd3b.png,31dd3b
Datasets\captcha_images_v2\x1t3Ze.png,x1t3Ze
Datasets\captcha_images_v2\vXGAiK.png,vXGAiK
Datasets\captcha_images_v2\KqRk6d.png,KqRk6d
Datasets\captcha_images_v2\018f76.png,018f76
Datasets\captcha_images_v2\VA6spY.png,VA6spY
Datasets\captcha_images_v2\bce30b.png,bce30b
Datasets\captcha_images_v2\655c75.png,655c75
Datasets\captcha_images_v2\y0HaAq.png,y0HaAq
Datasets\captcha_images_v2\GG7NS8.png,GG7NS8
Datasets\captcha_images_v2\n6SDVh.png,n6SDVh
Datasets\captcha_images_v2\XpklxY.png,XpklxY
Datasets\captcha_images_v2\caa7a3.png,caa7a3
Datasets\captcha_images_v2\biH3vU.png,biH3vU
Datasets\captcha_images_v2\ZE2Lyz.png,ZE2Lyz
Datasets\captcha_images_v2\0ad35c.png,0ad35c
Datasets\captcha_images_v2\lmyQfD.png,lmyQfD
Datasets\captcha_images_v2\2NtDh5.png,2NtDh5
Datasets\captcha_images_v2\656474.png,656474
Datasets\captcha_images_v2\e0oLcQ.png,e0oLcQ
Datasets\captcha_images_v2\U5PGi8.png,U5PGi8
Datasets\captcha_images_v2\019c5b.png,019c5b
Datasets\captcha_images_v2\fbf024.png,fbf024
Datasets\captcha_images_v2\n241MN.png,n241MN
Datasets\captcha_images_v2\f95349.png,f95349
Datasets\captcha_images_v2\WSRBVw.png,WSRBVw
Datasets\captcha_images_v2\suxSDk.png,suxSDk
Datasets\captcha_images_v2\refWcl.png,refWcl
Datasets\captcha_images_v2\RSOgvv.png,RSOgvv
Datasets\captcha_images_v2\JPlo7Q.png,JPlo7Q
Datasets\captcha_images_v2\95d12e.png,95d12e
Datasets\captcha_images_v2\373cb8.png,373cb8
Datasets\captcha_images_v2\8eee72.png,8eee72
Datasets\captcha_images_v2\65e0b2.png,65e0b2
Datasets\captcha_images_v2\0c1d22.png,0c1d22
Datasets\captcha_images_v2\16bbe2.png,16bbe2
Datasets\captcha_images_v2\93cb9b.png,93cb9b
Datasets\captcha_images_v2\fda4c3.png,fda4c3
Datasets\captcha_images_v2\886841.png,886841
Datasets\captcha_images_v2\aDxIKg.png,aDxIKg
Datasets\captcha_images_v2\wwnuD1.png,wwnuD1
Datasets\captcha_images_v2\YonWDj.png,YonWDj
Datasets\captcha_images_v2\cTOiRQ.png,cTOiRQ
Datasets\captcha_images_v2\jzrT8w.png,jzrT8w
Datasets\captcha_images_v2\c78daf.png,c78daf
Datasets\captcha_images_v2\paJ4TD.png,paJ4TD
Datasets\captcha_images_v2\kKo7Mh.png,kKo7Mh
Datasets\captcha_images_v2\IYPPdP.png,IYPPdP
Datasets\captcha_images_v2\8bdcdd.png,8bdcdd
Datasets\captcha_images_v2\828a5c.png,828a5c
Datasets\captcha_images_v2\036a18.png,036a18
Datasets\captcha_images_v2\823701.png,823701
Datasets\captcha_images_v2\0wOiWz.png,0wOiWz
Datasets\captcha_images_v2\GKR3Ma.png,GKR3Ma
Datasets\captcha_images_v2\y3fX6X.png,y3fX6X
Datasets\captcha_images_v2\c65457.png,c65457
Datasets\captcha_images_v2\QLsflh.png,QLsflh
Datasets\captcha_images_v2\d6fbdb.png,d6fbdb
Datasets\captcha_images_v2\7bb4f2.png,7bb4f2
Datasets\captcha_images_v2\NCoPxv.png,NCoPxv
Datasets\captcha_images_v2\w1b3sQ.png,w1b3sQ
Datasets\captcha_images_v2\Aqg3sb.png,Aqg3sb
Datasets\captcha_images_v2\VY4hcP.png,VY4hcP
Datasets\captcha_images_v2\25fcc9.png,25fcc9
Datasets\captcha_images_v2\199c2a.png,199c2a
Datasets\captcha_images_v2\hLz7Si.png,hLz7Si
Datasets\captcha_images_v2\xTsq7p.png,xTsq7p
Datasets\captcha_images_v2\89EY0s.png,89EY0s
Datasets\captcha_images_v2\7KENNA.png,7KENNA
Datasets\captcha_images_v2\e7b11e.png,e7b11e
Datasets\captcha_images_v2\dca169.png,dca169
Datasets\captcha_images_v2\A4ObW5.png,A4ObW5
Datasets\captcha_images_v2\8CQArF.png,8CQArF
Datasets\captcha_images_v2\f1fbb7.png,f1fbb7
Datasets\captcha_images_v2\AjEZgS.png,AjEZgS
Datasets\captcha_images_v2\b7f4ff.png,b7f4ff
Datasets\captcha_images_v2\iwURRM.png,iwURRM
Datasets\captcha_images_v2\ce00ba.png,ce00ba
Datasets\captcha_images_v2\VflaK5.png,VflaK5
Datasets\captcha_images_v2\7xVZKT.png,7xVZKT
Datasets\captcha_images_v2\818130.png,818130
Datasets\captcha_images_v2\NpKxxr.png,NpKxxr
Datasets\captcha_images_v2\aaa5d9.png,aaa5d9
Datasets\captcha_images_v2\wTPpEV.png,wTPpEV
Datasets\captcha_images_v2\ea3b0a.png,ea3b0a
Datasets\captcha_images_v2\vq4zjU.png,vq4zjU
Datasets\captcha_images_v2\MMPkpe.png,MMPkpe
Datasets\captcha_images_v2\E864K3.png,E864K3
Datasets\captcha_images_v2\gEog0D.png,gEog0D
Datasets\captcha_images_v2\ffca62.png,ffca62
Datasets\captcha_images_v2\81QC6S.png,81QC6S
Datasets\captcha_images_v2\2dd1d3.png,2dd1d3
Datasets\captcha_images_v2\54TAD2.png,54TAD2
Datasets\captcha_images_v2\Ue4xbN.png,Ue4xbN
Datasets\captcha_images_v2\FDJkJA.png,FDJkJA
Datasets\captcha_images_v2\f26d26.png,f26d26
Datasets\captcha_images_v2\e7f1e1.png,e7f1e1
Datasets\captcha_images_v2\wTyFpa.png,wTyFpa
Datasets\captcha_images_v2\8995fa.png,8995fa
Datasets\captcha_images_v2\A1QruW.png,A1QruW
Datasets\captcha_images_v2\8cfba2.png,8cfba2
Datasets\captcha_images_v2\03c8be.png,03c8be
Datasets\captcha_images_v2\c63d7c.png,c63d7c
Datasets\captcha_images_v2\NFD2Dr.png,NFD2Dr
Datasets\captcha_images_v2\313D28.png,313D28
Datasets\captcha_images_v2\7Sdbiv.png,7Sdbiv
Datasets\captcha_images_v2\d956dc.png,d956dc
Datasets\captcha_images_v2\PLPjWc.png,PLPjWc
Datasets\captcha_images_v2\QwlIMy.png,QwlIMy
Datasets\captcha_images_v2\50bllO.png,50bllO
Datasets\captcha_images_v2\9f1612.png,9f1612
Datasets\captcha_images_v2\X2e7G7.png,X2e7G7
Datasets\captcha_images_v2\aUcyI8.png,aUcyI8
Datasets\captcha_images_v2\PGyNZy.png,PGyNZy
Datasets\captcha_images_v2\aced78.png,aced78
Datasets\captcha_images_v2\967c96.png,967c96
Datasets\captcha_images_v2\3olCHb.png,3olCHb
Datasets\captcha_images_v2\deb035.png,deb035
Datasets\captcha_images_v2\zJZvEx.png,zJZvEx
Datasets\captcha_images_v2\adf870.png,adf870
Datasets\captcha_images_v2\3UmAtL.png,3UmAtL
Datasets\captcha_images_v2\e42c9e.png,e42c9e
Datasets\captcha_images_v2\7iUUDF.png,7iUUDF
Datasets\captcha_images_v2\b46523.png,b46523
Datasets\captcha_images_v2\a5c481.png,a5c481
Datasets\captcha_images_v2\anGmPZ.png,anGmPZ
Datasets\captcha_images_v2\c1a708.png,c1a708
Datasets\captcha_images_v2\21129c.png,21129c
Datasets\captcha_images_v2\8b6501.png,8b6501
Datasets\captcha_images_v2\foFAny.png,foFAny
Datasets\captcha_images_v2\73f614.png,73f614
Datasets\captcha_images_v2\fF86DO.png,fF86DO
Datasets\captcha_images_v2\8a39e9.png,8a39e9
Datasets\captcha_images_v2\2Pft14.png,2Pft14
Datasets\captcha_images_v2\Pz829Q.png,Pz829Q
Datasets\captcha_images_v2\sLhBwE.png,sLhBwE
Datasets\captcha_images_v2\FUVSjW.png,FUVSjW
Datasets\captcha_images_v2\f09309.png,f09309
Datasets\captcha_images_v2\wTf0Cq.png,wTf0Cq
Datasets\captcha_images_v2\WgQBdo.png,WgQBdo
Datasets\captcha_images_v2\abb1a2.png,abb1a2
Datasets\captcha_images_v2\33a3a2.png,33a3a2
Datasets\captcha_images_v2\qunZw2.png,qunZw2
Datasets\captcha_images_v2\6bfdab.png,6bfdab
Datasets\captcha_images_v2\1ee3da.png,1ee3da
Datasets\captcha_images_v2\RCudij.png,RCudij
Datasets\captcha_images_v2\fcb478.png,fcb478
Datasets\captcha_images_v2\XhwpjY.png,XhwpjY
Datasets\captcha_images_v2\WwEYzr.png,WwEYzr
Datasets\captcha_images_v2\2ls65j.png,2ls65j
Datasets\captcha_images_v2\9GW6Xh.png,9GW6Xh
Datasets\captcha_images_v2\WjlJBC.png,WjlJBC
Datasets\captcha_images_v2\Fwmfrh.png,Fwmfrh
Datasets\captcha_images_v2\oYvYgx.png,oYvYgx
Datasets\captcha_images_v2\HN9yU3.png,HN9yU3
Datasets\captcha_images_v2\fxeWAy.png,fxeWAy
Datasets\captcha_images_v2\e8f989.png,e8f989
Datasets\captcha_images_v2\LDFEj2.png,LDFEj2
Datasets\captcha_images_v2\3HcDJy.png,3HcDJy
Datasets\captcha_images_v2\77nvn3.png,77nvn3
Datasets\captcha_images_v2\7xs6IO.png,7xs6IO
Datasets\captcha_images_v2\1a1ddf.png,1a1ddf
Datasets\captcha_images_v2\IqozGU.png,IqozGU
Datasets\captcha_images_v2\URZ4D9.png,URZ4D9
Datasets\captcha_images_v2\qxJiX0.png,qxJiX0
Datasets\captcha_images_v2\D7BMXk.png,D7BMXk
Datasets\captcha_images_v2\be61a5.png,be61a5
Datasets\captcha_images_v2\C2S43X.png,C2S43X
Datasets\captcha_images_v2\8e3fbd.png,8e3fbd
Datasets\captcha_images_v2\b6fSQd.png,b6fSQd
Datasets\captcha_images_v2\vaH40V.png,vaH40V
Datasets\captcha_images_v2\e169b6.png,e169b6
Datasets\captcha_images_v2\f98bf5.png,f98bf5
Datasets\captcha_images_v2\c12a12.png,c12a12
Datasets\captcha_images_v2\Y9n166.png,Y9n166
Datasets\captcha_images_v2\atmmA2.png,atmmA2
Datasets\captcha_images_v2\y5J8yh.png,y5J8yh
Datasets\captcha_images_v2\f8c70e.png,f8c70e
Datasets\captcha_images_v2\S6DpHr.png,S6DpHr
Datasets\captcha_images_v2\DxAA5f.png,DxAA5f
Datasets\captcha_images_v2\QmmANK.png,QmmANK
Datasets\captcha_images_v2\FJ1f77.png,FJ1f77
Datasets\captcha_images_v2\YQUK4s.png,YQUK4s
Datasets\captcha_images_v2\I6j4UK.png,I6j4UK
Datasets\captcha_images_v2\p3JNKk.png,p3JNKk
Datasets\captcha_images_v2\XtnJol.png,XtnJol
Datasets\captcha_images_v2\25a50d.png,25a50d
Datasets\captcha_images_v2\gImZXD.png,gImZXD
Datasets\captcha_images_v2\6HL7FW.png,6HL7FW
Datasets\captcha_images_v2\KUnGGy.png,KUnGGy
Datasets\captcha_images_v2\a08e63.png,a08e63
Datasets\captcha_images_v2\dd3cbb.png,dd3cbb
Datasets\captcha_images_v2\3J9zSx.png,3J9zSx
Datasets\captcha_images_v2\32f2a3.png,32f2a3
Datasets\captcha_images_v2\WTElzV.png,WTElzV
Datasets\captcha_images_v2\Jm8n7P.png,Jm8n7P
Datasets\captcha_images_v2\b71e67.png,b71e67
Datasets\captcha_images_v2\zSIgQQ.png,zSIgQQ
Datasets\captcha_images_v2\czhqkh.png,czhqkh
Datasets\captcha_images_v2\5gxWFe.png,5gxWFe
Datasets\captcha_images_v2\b1BDLL.png,b1BDLL
Datasets\captcha_images_v2\uAgfR1.png,uAgfR1
Datasets\captcha_images_v2\cd7c69.png,cd7c69
Datasets\captcha_images_v2\b3e848.png,b3e848
Datasets\captcha_images_v2\N7Pymi.png,N7Pymi
Datasets\captcha_images_v2\kTJlW7.png,kTJlW7
Datasets\captcha_images_v2\7lZ4dz.png,7lZ4dz
Datasets\captcha_images_v2\5b3f7d.png,5b3f7d
Datasets\captcha_images_v2\cbe10d.png,cbe10d
Datasets\captcha_images_v2\4pkq4D.png,4pkq4D
Datasets\captcha_images_v2\p5wqfb.png,p5wqfb
Datasets\captcha_images_v2\u6kzUL.png,u6kzUL
Datasets\captcha_images_v2\ed1898.png,ed1898
Datasets\captcha_images_v2\ec547e.png,ec547e
Datasets\captcha_images_v2\xZ9yfn.png,xZ9yfn
Datasets\captcha_images_v2\f0a453.png,f0a453
Datasets\captcha_images_v2\R02f3y.png,R02f3y
Datasets\captcha_images_v2\08a3bb.png,08a3bb
Datasets\captcha_images_v2\Wr0s1g.png,Wr0s1g
Datasets\captcha_images_v2\YexQvm.png,YexQvm
Datasets\captcha_images_v2\52qWos.png,52qWos
Datasets\captcha_images_v2\d169c8.png,d169c8
Datasets\captcha_images_v2\QZ8KSk.png,QZ8KSk
Datasets\captcha_images_v2\xi6x8p.png,xi6x8p
Datasets\captcha_images_v2\rUBObs.png,rUBObs
Datasets\captcha_images_v2\jL2bp5.png,jL2bp5
Datasets\captcha_images_v2\zioPvm.png,zioPvm
Datasets\captcha_images_v2\RPd4oF.png,RPd4oF
Datasets\captcha_images_v2\26a8a8.png,26a8a8
Datasets\captcha_images_v2\Lbadci.png,Lbadci
Datasets\captcha_images_v2\GCij9p.png,GCij9p
Datasets\captcha_images_v2\yGfcSq.png,yGfcSq
Datasets\captcha_images_v2\vlFGb6.png,vlFGb6
Datasets\captcha_images_v2\2MZbqX.png,2MZbqX
Datasets\captcha_images_v2\7k3Af3.png,7k3Af3
Datasets\captcha_images_v2\jTcdxQ.png,jTcdxQ
Datasets\captcha_images_v2\jnmZE5.png,jnmZE5
Datasets\captcha_images_v2\60dda5.png,60dda5
Datasets\captcha_images_v2\X5lj3j.png,X5lj3j
Datasets\captcha_images_v2\P3YLfV.png,P3YLfV
Datasets\captcha_images_v2\39d8a6.png,39d8a6
Datasets\captcha_images_v2\j8WDxJ.png,j8WDxJ
Datasets\captcha_images_v2\cAS15b.png,cAS15b
Datasets\captcha_images_v2\x5vW6s.png,x5vW6s
Datasets\captcha_images_v2\e66182.png,e66182
Datasets\captcha_images_v2\DYd4CL.png,DYd4CL
Datasets\captcha_images_v2\665bee.png,665bee
Datasets\captcha_images_v2\0uckwC.png,0uckwC
Datasets\captcha_images_v2\hWIOzT.png,hWIOzT
Datasets\captcha_images_v2\278d1c.png,278d1c
Datasets\captcha_images_v2\71a6ff.png,71a6ff
Datasets\captcha_images_v2\fjvJdL.png,fjvJdL
Datasets\captcha_images_v2\80rCFT.png,80rCFT
Datasets\captcha_images_v2\JIz1ej.png,JIz1ej
Datasets\captcha_images_v2\v2tyV6.png,v2tyV6
Datasets\captcha_images_v2\5277b3.png,5277b3
Datasets\captcha_images_v2\bb9dd4.png,bb9dd4
Datasets\captcha_images_v2\8c157e.png,8c157e
Datasets\captcha_images_v2\d5f6cf.png,d5f6cf
Datasets\captcha_images_v2\4d1dee.png,4d1dee
Datasets\captcha_images_v2\7308ZC.png,7308ZC
Datasets\captcha_images_v2\vmqU2a.png,vmqU2a
Datasets\captcha_images_v2\ARCMHq.png,ARCMHq
Datasets\captcha_images_v2\de32d3.png,de32d3
Datasets\captcha_images_v2\fcf9f8.png,fcf9f8
Datasets\captcha_images_v2\JAm2eD.png,JAm2eD
Datasets\captcha_images_v2\sYwAuD.png,sYwAuD
Datasets\captcha_images_v2\864d2b.png,864d2b
Datasets\captcha_images_v2\34873e.png,34873e
Datasets\captcha_images_v2\9GcXbM.png,9GcXbM
Datasets\captcha_images_v2\BLi5u1.png,BLi5u1
Datasets\captcha_images_v2\RVAwn4.png,RVAwn4
Datasets\captcha_images_v2\38dbce.png,38dbce
Datasets\captcha_images_v2\8e32fb.png,8e32fb
Datasets\captcha_images_v2\26cee6.png,26cee6
Datasets\captcha_images_v2\d8b1a1.png,d8b1a1
Datasets\captcha_images_v2\SGxked.png,SGxked
Datasets\captcha_images_v2\xisgiX.png,xisgiX
Datasets\captcha_images_v2\sfg5ul.png,sfg5ul
Datasets\captcha_images_v2\W8aS1D.png,W8aS1D
Datasets\captcha_images_v2\eb6dc3.png,eb6dc3
Datasets\captcha_images_v2\U9Glkd.png,U9Glkd
Datasets\captcha_images_v2\d032f6.png,d032f6
Datasets\captcha_images_v2\rCvlIz.png,rCvlIz
Datasets\captcha_images_v2\mL1w6s.png,mL1w6s
Datasets\captcha_images_v2\j1cuqF.png,j1cuqF
Datasets\captcha_images_v2\nbyO7c.png,nbyO7c
Datasets\captcha_images_v2\JSLdnh.png,JSLdnh
Datasets\captcha_images_v2\Jt7jYk.png,Jt7jYk
Datasets\captcha_images_v2\64f3ae.png,64f3ae
Datasets\captcha_images_v2\e82ef0.png,e82ef0
Datasets\captcha_images_v2\DssIEj.png,DssIEj
Datasets\captcha_images_v2\yrHCrH.png,yrHCrH
Datasets\captcha_images_v2\NZtYCt.png,NZtYCt
Datasets\captcha_images_v2\mawYAf.png,mawYAf
Datasets\captcha_images_v2\h8nJeN.png,h8nJeN
Datasets\captcha_images_v2\qxtMJb.png,qxtMJb
Datasets\captcha_images_v2\Kme18i.png,Kme18i
Datasets\captcha_images_v2\Qkazc2.png,Qkazc2
Datasets\captcha_images_v2\Qvv4Di.png,Qvv4Di
Datasets\captcha_images_v2\4040d1.png,4040d1
Datasets\captcha_images_v2\F3NIq6.png,F3NIq6
Datasets\captcha_images_v2\358fd0.png,358fd0
Datasets\captcha_images_v2\dHWmie.png,dHWmie
Datasets\captcha_images_v2\AvrQDa.png,AvrQDa
Datasets\captcha_images_v2\51f76d.png,51f76d
Datasets\captcha_images_v2\c00d60.png,c00d60
Datasets\captcha_images_v2\79e5a7.png,79e5a7
Datasets\captcha_images_v2\22f517.png,22f517
Datasets\captcha_images_v2\vAUmyi.png,vAUmyi
Datasets\captcha_images_v2\xLOy63.png,xLOy63
Datasets\captcha_images_v2\af7b44.png,af7b44
Datasets\captcha_images_v2\284a80.png,284a80
Datasets\captcha_images_v2\083a26.png,083a26
Datasets\captcha_images_v2\5IdDhC.png,5IdDhC
Datasets\captcha_images_v2\545ee0.png,545ee0
Datasets\captcha_images_v2\3c6b6a.png,3c6b6a
Datasets\captcha_images_v2\wQ7EZd.png,wQ7EZd
Datasets\captcha_images_v2\a5f02c.png,a5f02c
Datasets\captcha_images_v2\QN0pnX.png,QN0pnX
Datasets\captcha_images_v2\10d9ab.png,10d9ab
Datasets\captcha_images_v2\151611.png,151611
Datasets\captcha_images_v2\jB2RyR.png,jB2RyR
Datasets\captcha_images_v2\foXmFP.png,foXmFP
Datasets\captcha_images_v2\45c82c.png,45c82c
Datasets\captcha_images_v2\JDW0r7.png,JDW0r7
Datasets\captcha_images_v2\nqvaJc.png,nqvaJc
Datasets\captcha_images_v2\fWbewH.png,fWbewH
Datasets\captcha_images_v2\3nrDEJ.png,3nrDEJ
Datasets\captcha_images_v2\82bf2a.png,82bf2a
Datasets\captcha_images_v2\GF7HzO.png,GF7HzO
Datasets\captcha_images_v2\XRrRV7.png,XRrRV7
Datasets\captcha_images_v2\4f402d.png,4f402d
Datasets\captcha_images_v2\fe1041.png,fe1041
Datasets\captcha_images_v2\UwNBHN.png,UwNBHN
Datasets\captcha_images_v2\B3W5G0.png,B3W5G0
Datasets\captcha_images_v2\QsSOVs.png,QsSOVs
Datasets\captcha_images_v2\xLmOwf.png,xLmOwf
Datasets\captcha_images_v2\d48ae5.png,d48ae5
Datasets\captcha_images_v2\ntO86l.png,ntO86l
Datasets\captcha_images_v2\6yt2lR.png,6yt2lR
Datasets\captcha_images_v2\za9Re0.png,za9Re0
Datasets\captcha_images_v2\HpvWkX.png,HpvWkX
Datasets\captcha_images_v2\602bf5.png,602bf5
Datasets\captcha_images_v2\uDYaHc.png,uDYaHc
Datasets\captcha_images_v2\Lh4nrl.png,Lh4nrl
Datasets\captcha_images_v2\JYL450.png,JYL450
Datasets\captcha_images_v2\13c99d.png,13c99d
Datasets\captcha_images_v2\3ZONqT.png,3ZONqT
Datasets\captcha_images_v2\Tn5sXF.png,Tn5sXF
Datasets\captcha_images_v2\496c85.png,496c85
Datasets\captcha_images_v2\1KTeOE.png,1KTeOE
Datasets\captcha_images_v2\TuqxCS.png,TuqxCS
Datasets\captcha_images_v2\5bc49c.png,5bc49c
Datasets\captcha_images_v2\3853f9.png,3853f9
Datasets\captcha_images_v2\496292.png,496292
Datasets\captcha_images_v2\BLRJPT.png,BLRJPT
Datasets\captcha_images_v2\ZVjs52.png,ZVjs52
Datasets\captcha_images_v2\oazShy.png,oazShy
Datasets\captcha_images_v2\2534e0.png,2534e0
Datasets\captcha_images_v2\7839bd.png,7839bd
Datasets\captcha_images_v2\54c052.png,54c052
Datasets\captcha_images_v2\2N5hCT.png,2N5hCT
Datasets\captcha_images_v2\b23b4d.png,b23b4d
Datasets\captcha_images_v2\8QhxoB.png,8QhxoB
Datasets\captcha_images_v2\5eVbYK.png,5eVbYK
Datasets\captcha_images_v2\37f835.png,37f835
Datasets\captcha_images_v2\eZcXbW.png,eZcXbW
Datasets\captcha_images_v2\dYmg1l.png,dYmg1l
Datasets\captcha_images_v2\LfHDRN.png,LfHDRN
Datasets\captcha_images_v2\17583a.png,17583a
Datasets\captcha_images_v2\RzL5BP.png,RzL5BP
Datasets\captcha_images_v2\xnVlad.png,xnVlad
Datasets\captcha_images_v2\6MEGXx.png,6MEGXx
Datasets\captcha_images_v2\88c8a7.png,88c8a7
Datasets\captcha_images_v2\58fbfb.png,58fbfb
Datasets\captcha_images_v2\DsQqQr.png,DsQqQr
Datasets\captcha_images_v2\0c60dc.png,0c60dc
Datasets\captcha_images_v2\62ceae.png,62ceae
Datasets\captcha_images_v2\53a90f.png,53a90f
Datasets\captcha_images_v2\1JMSr4.png,1JMSr4
Datasets\captcha_images_v2\9da63d.png,9da63d
Datasets\captcha_images_v2\WwuMKK.png,WwuMKK
Datasets\captcha_images_v2\EXJnYc.png,EXJnYc
Datasets\captcha_images_v2\xGHRwO.png,xGHRwO
Datasets\captcha_images_v2\56kpjb.png,56kpjb
Datasets\captcha_images_v2\c7b7e7.png,c7b7e7
Datasets\captcha_images_v2\ZDAQMV.png,ZDAQMV
Datasets\captcha_images_v2\6726e8.png,6726e8
Datasets\captcha_images_v2\53bee7.png,53bee7
Datasets\captcha_images_v2\b1bf0e.png,b1bf0e
Datasets\captcha_images_v2\ba3a86.png,ba3a86
Datasets\captcha_images_v2\4911f5.png,4911f5
Datasets\captcha_images_v2\PWCpHj.png,PWCpHj
Datasets\captcha_images_v2\iAudIv.png,iAudIv
Datasets\captcha_images_v2\4518f7.png,4518f7
Datasets\captcha_images_v2\0ce786.png,0ce786
Datasets\captcha_images_v2\f4e31c.png,f4e31c
Datasets\captcha_images_v2\npJOhS.png,npJOhS
Datasets\captcha_images_v2\vNLxee.png,vNLxee
Datasets\captcha_images_v2\395ed3.png,395ed3
Datasets\captcha_images_v2\19d1de.png,19d1de
Datasets\captcha_images_v2\965d40.png,965d40
Datasets\captcha_images_v2\ff9211.png,ff9211
Datasets\captcha_images_v2\SlQpkO.png,SlQpkO
Datasets\captcha_images_v2\rnRMYn.png,rnRMYn
Datasets\captcha_images_v2\vAeA52.png,vAeA52
Datasets\captcha_images_v2\7fc5b3.png,7fc5b3
Datasets\captcha_images_v2\5dbfda.png,5dbfda
Datasets\captcha_images_v2\295454.png,295454
Datasets\captcha_images_v2\87b26d.png,87b26d
Datasets\captcha_images_v2\775ae9.png,775ae9
Datasets\captcha_images_v2\nYHdKr.png,nYHdKr
Datasets\captcha_images_v2\83c150.png,83c150
Datasets\captcha_images_v2\cc04d3.png,cc04d3
Datasets\captcha_images_v2\nLqLnJ.png,nLqLnJ
Datasets\captcha_images_v2\c9c099.png,c9c099
Datasets\captcha_images_v2\Fq0m1U.png,Fq0m1U
Datasets\captcha_images_v2\14c2fa.png,14c2fa
Datasets\captcha_images_v2\66qCNK.png,66qCNK
Datasets\captcha_images_v2\XldSET.png,XldSET
Datasets\captcha_images_v2\06beff.png,06beff
Datasets\captcha_images_v2\rRD9mU.png,rRD9mU
Datasets\captcha_images_v2\ac5d5c.png,ac5d5c
Datasets\captcha_images_v2\87SzEW.png,87SzEW
Datasets\captcha_images_v2\JJCBW1.png,JJCBW1
Datasets\captcha_images_v2\IzgWnE.png,IzgWnE
Datasets\captcha_images_v2\e1289d.png,e1289d
Datasets\captcha_images_v2\9e64aa.png,9e64aa
Datasets\captcha_images_v2\6bd18f.png,6bd18f
Datasets\captcha_images_v2\7f0b2d.png,7f0b2d
Datasets\captcha_images_v2\b11d19.png,b11d19
Datasets\captcha_images_v2\gfDEiT.png,gfDEiT
Datasets\captcha_images_v2\sGAmhB.png,sGAmhB
Datasets\captcha_images_v2\2e768e.png,2e768e
Datasets\captcha_images_v2\xgxzy2.png,xgxzy2
Datasets\captcha_images_v2\5ac985.png,5ac985
Datasets\captcha_images_v2\3a88b5.png,3a88b5
Datasets\captcha_images_v2\6iLnjL.png,6iLnjL
Datasets\captcha_images_v2\pP01lw.png,pP01lw
Datasets\captcha_images_v2\37adbe.png,37adbe
Datasets\captcha_images_v2\4s4QrZ.png,4s4QrZ
Datasets\captcha_images_v2\b183b6.png,b183b6
Datasets\captcha_images_v2\AbWABM.png,AbWABM
Datasets\captcha_images_v2\KAauAO.png,KAauAO
Datasets\captcha_images_v2\4432b4.png,4432b4
Datasets\captcha_images_v2\jVtbUf.png,jVtbUf
Datasets\captcha_images_v2\l9uRbc.png,l9uRbc
Datasets\captcha_images_v2\418a46.png,418a46
Datasets\captcha_images_v2\4fb369.png,4fb369
Datasets\captcha_images_v2\Ezfstj.png,Ezfstj
Datasets\captcha_images_v2\2SHAfF.png,2SHAfF
Datasets\captcha_images_v2\kL2imz.png,kL2imz
Datasets\captcha_images_v2\SVlQHI.png,SVlQHI
Datasets\captcha_images_v2\41ad9f.png,41ad9f
Datasets\captcha_images_v2\oiGdlM.png,oiGdlM
Datasets\captcha_images_v2\MBpLa7.png,MBpLa7
Datasets\captcha_images_v2\0d15a1.png,0d15a1
Datasets\captcha_images_v2\myAjg0.png,myAjg0
Datasets\captcha_images_v2\PK0mSa.png,PK0mSa
Datasets\captcha_images_v2\11d86b.png,11d86b
Datasets\captcha_images_v2\2f7542.png,2f7542
Datasets\captcha_images_v2\f1eb8f.png,f1eb8f
Datasets\captcha_images_v2\V0mPv4.png,V0mPv4
Datasets\captcha_images_v2\H7CukL.png,H7CukL
Datasets\captcha_images_v2\UPgEGC.png,UPgEGC
Datasets\captcha_images_v2\vx2H10.png,vx2H10
Datasets\captcha_images_v2\hJFNip.png,hJFNip
Datasets\captcha_images_v2\b2nzTJ.png,b2nzTJ
Datasets\captcha_images_v2\e4pddE.png,e4pddE
Datasets\captcha_images_v2\91732c.png,91732c
Datasets\captcha_images_v2\Q8kRm9.png,Q8kRm9
Datasets\captcha_images_v2\mH5kz0.png,mH5kz0
Datasets\captcha_images_v2\TCvZMb.png,TCvZMb
Datasets\captcha_images_v2\pHe5hD.png,pHe5hD
Datasets\captcha_images_v2\SVz8DZ.png,SVz8DZ
Datasets\captcha_images_v2\e1a632.png,e1a632
Datasets\captcha_images_v2\a83940.png,a83940
Datasets\captcha_images_v2\35a9b2.png,35a9b2
Datasets\captcha_images_v2\n3HMlb.png,n3HMlb
Datasets\captcha_images_v2\c05678.png,c05678
Datasets\captcha_images_v2\HxhduM.png,HxhduM
Datasets\captcha_images_v2\0d8d3e.png,0d8d3e
Datasets\captcha_images_v2\3YDmZN.png,3YDmZN
Datasets\captcha_images_v2\51dfab.png,51dfab
Datasets\captcha_images_v2\c3d8bd.png,c3d8bd
Datasets\captcha_images_v2\4d23f4.png,4d23f4
Datasets\captcha_images_v2\7d1b50.png,7d1b50
Datasets\captcha_images_v2\9VUT6t.png,9VUT6t
Datasets\captcha_images_v2\16fad1.png,16fad1
Datasets\captcha_images_v2\vBNTxq.png,vBNTxq
Datasets\captcha_images_v2\3c7349.png,3c7349
Datasets\captcha_images_v2\DxlnhV.png,DxlnhV
Datasets\captcha_images_v2\7ec445.png,7ec445
Datasets\captcha_images_v2\RVguR9.png,RVguR9
Datasets\captcha_images_v2\54d628.png,54d628
Datasets\captcha_images_v2\B879Up.png,B879Up
Datasets\captcha_images_v2\94ca38.png,94ca38
Datasets\captcha_images_v2\c8e248.png,c8e248
Datasets\captcha_images_v2\cdZfre.png,cdZfre
Datasets\captcha_images_v2\NEG43s.png,NEG43s
Datasets\captcha_images_v2\e9b11c.png,e9b11c
Datasets\captcha_images_v2\6ae3a7.png,6ae3a7
Datasets\captcha_images_v2\DcCalU.png,DcCalU
Datasets\captcha_images_v2\TsuOlX.png,TsuOlX
Datasets\captcha_images_v2\5d4492.png,5d4492
Datasets\captcha_images_v2\dMiE5X.png,dMiE5X
Datasets\captcha_images_v2\ed8bec.png,ed8bec
Datasets\captcha_images_v2\Njtwf3.png,Njtwf3
Datasets\captcha_images_v2\802b44.png,802b44
Datasets\captcha_images_v2\95719e.png,95719e
Datasets\captcha_images_v2\2a4057.png,2a4057
Datasets\captcha_images_v2\34xYeG.png,34xYeG
Datasets\captcha_images_v2\387141.png,387141
Datasets\captcha_images_v2\c8cd2f.png,c8cd2f
Datasets\captcha_images_v2\LMjagz.png,LMjagz
Datasets\captcha_images_v2\9AQPnk.png,9AQPnk
Datasets\captcha_images_v2\aedf54.png,aedf54
Datasets\captcha_images_v2\VmhHUL.png,VmhHUL
Datasets\captcha_images_v2\tDLNnU.png,tDLNnU
Datasets\captcha_images_v2\de1d40.png,de1d40
Datasets\captcha_images_v2\DMMUaW.png,DMMUaW
Datasets\captcha_images_v2\95bfe2.png,95bfe2
Datasets\captcha_images_v2\46ab57.png,46ab57
Datasets\captcha_images_v2\cNE2yV.png,cNE2yV
Datasets\captcha_images_v2\a298b1.png,a298b1
Datasets\captcha_images_v2\VQizYF.png,VQizYF
Datasets\captcha_images_v2\a8aeaf.png,a8aeaf
Datasets\captcha_images_v2\f1b5ca.png,f1b5ca
Datasets\captcha_images_v2\4e1267.png,4e1267
Datasets\captcha_images_v2\36gnKC.png,36gnKC
Datasets\captcha_images_v2\vRFKpD.png,vRFKpD
Datasets\captcha_images_v2\cDYGKB.png,cDYGKB
Datasets\captcha_images_v2\L4p93E.png,L4p93E
Datasets\captcha_images_v2\b84876.png,b84876
Datasets\captcha_images_v2\5S1QEJ.png,5S1QEJ
Datasets\captcha_images_v2\bm0L1G.png,bm0L1G
Datasets\captcha_images_v2\fAFhZC.png,fAFhZC
Datasets\captcha_images_v2\1a028c.png,1a028c
Datasets\captcha_images_v2\aO6CZJ.png,aO6CZJ
Datasets\captcha_images_v2\bfd080.png,bfd080
Datasets\captcha_images_v2\1e76de.png,1e76de
Datasets\captcha_images_v2\51090d.png,51090d
Datasets\captcha_images_v2\d5a32d.png,d5a32d
Datasets\captcha_images_v2\5f1987.png,5f1987
Datasets\captcha_images_v2\Y1ZIS1.png,Y1ZIS1
Datasets\captcha_images_v2\8t0S9z.png,8t0S9z
Datasets\captcha_images_v2\bzdqQt.png,bzdqQt
Datasets\captcha_images_v2\EIIZO4.png,EIIZO4
Datasets\captcha_images_v2\7QRVHJ.png,7QRVHJ
Datasets\captcha_images_v2\24f55b.png,24f55b
Datasets\captcha_images_v2\eGINsJ.png,eGINsJ
Datasets\captcha_images_v2\jPwNej.png,jPwNej
Datasets\captcha_images_v2\e41c6f.png,e41c6f
Datasets\captcha_images_v2\d2f6c1.png,d2f6c1
Datasets\captcha_images_v2\6f4c61.png,6f4c61
Datasets\captcha_images_v2\BUYQju.png,BUYQju
Datasets\captcha_images_v2\a89724.png,a89724
Datasets\captcha_images_v2\bd8206.png,bd8206
Datasets\captcha_images_v2\114ca0.png,114ca0
Datasets\captcha_images_v2\h0OC2i.png,h0OC2i
Datasets\captcha_images_v2\Ih2w4v.png,Ih2w4v
Datasets\captcha_images_v2\TyNysD.png,TyNysD
Datasets\captcha_images_v2\092a74.png,092a74
Datasets\captcha_images_v2\6ba704.png,6ba704
Datasets\captcha_images_v2\Hp7wxQ.png,Hp7wxQ
Datasets\captcha_images_v2\UFpXhy.png,UFpXhy
Datasets\captcha_images_v2\y9bwV9.png,y9bwV9
Datasets\captcha_images_v2\LCYxKI.png,LCYxKI
Datasets\captcha_images_v2\au6Iof.png,au6Iof
Datasets\captcha_images_v2\6f4bcf.png,6f4bcf
Datasets\captcha_images_v2\WyXSOr.png,WyXSOr
Datasets\captcha_images_v2\7fc0d9.png,7fc0d9
Datasets\captcha_images_v2\9747ee.png,9747ee
Datasets\captcha_images_v2\7301b8.png,7301b8
Datasets\captcha_images_v2\zLVoMS.png,zLVoMS
Datasets\captcha_images_v2\17a600.png,17a600
Datasets\captcha_images_v2\1b580a.png,1b580a
Datasets\captcha_images_v2\8199a5.png,8199a5
Datasets\captcha_images_v2\94W43M.png,94W43M
Datasets\captcha_images_v2\2068b9.png,2068b9
Datasets\captcha_images_v2\34df37.png,34df37
Datasets\captcha_images_v2\f9c3a7.png,f9c3a7
Datasets\captcha_images_v2\7UsWeN.png,7UsWeN
Datasets\captcha_images_v2\Oa8q6y.png,Oa8q6y
Datasets\captcha_images_v2\R2v0ok.png,R2v0ok
Datasets\captcha_images_v2\fcaa34.png,fcaa34
Datasets\captcha_images_v2\eab1d8.png,eab1d8
Datasets\captcha_images_v2\nzCYFi.png,nzCYFi
Datasets\captcha_images_v2\TLWnPp.png,TLWnPp
Datasets\captcha_images_v2\Gcps6n.png,Gcps6n
Datasets\captcha_images_v2\DkmyQM.png,DkmyQM
Datasets\captcha_images_v2\a5fecb.png,a5fecb
Datasets\captcha_images_v2\g7qnyY.png,g7qnyY
Datasets\captcha_images_v2\c0d6ed.png,c0d6ed
Datasets\captcha_images_v2\43b816.png,43b816
Datasets\captcha_images_v2\x0Zcg7.png,x0Zcg7
Datasets\captcha_images_v2\e899cd.png,e899cd
Datasets\captcha_images_v2\a9sc5l.png,a9sc5l
Datasets\captcha_images_v2\OjwjZi.png,OjwjZi
Datasets\captcha_images_v2\sQiJ7K.png,sQiJ7K
Datasets\captcha_images_v2\tUcZkF.png,tUcZkF
Datasets\captcha_images_v2\3f796d.png,3f796d
Datasets\captcha_images_v2\085031.png,085031
Datasets\captcha_images_v2\51bc1f.png,51bc1f
Datasets\captcha_images_v2\deac67.png,deac67
Datasets\captcha_images_v2\Odsc0B.png,Odsc0B
Datasets\captcha_images_v2\2c2b51.png,2c2b51
Datasets\captcha_images_v2\9e173b.png,9e173b
Datasets\captcha_images_v2\N4kIob.png,N4kIob
Datasets\captcha_images_v2\CNlgNz.png,CNlgNz
Datasets\captcha_images_v2\c96acd.png,c96acd
Datasets\captcha_images_v2\f28842.png,f28842
Datasets\captcha_images_v2\f1563f.png,f1563f
Datasets\captcha_images_v2\mdcpHa.png,mdcpHa
Datasets\captcha_images_v2\0bfae6.png,0bfae6
Datasets\captcha_images_v2\L7FrkT.png,L7FrkT
Datasets\captcha_images_v2\gm07pL.png,gm07pL
Datasets\captcha_images_v2\3Xa2Wo.png,3Xa2Wo
Datasets\captcha_images_v2\VgCLFC.png,VgCLFC
Datasets\captcha_images_v2\6aea74.png,6aea74
Datasets\captcha_images_v2\3KhkpW.png,3KhkpW
Datasets\captcha_images_v2\6SFxnz.png,6SFxnz
Datasets\captcha_images_v2\e29d20.png,e29d20
Datasets\captcha_images_v2\tqlWWR.png,tqlWWR
Datasets\captcha_images_v2\e26efb.png,e26efb
Datasets\captcha_images_v2\l4tpBw.png,l4tpBw
Datasets\captcha_images_v2\041ed9.png,041ed9
Datasets\captcha_images_v2\6a3b33.png,6a3b33
Datasets\captcha_images_v2\nYq19z.png,nYq19z
Datasets\captcha_images_v2\f7fde4.png,f7fde4
Datasets\captcha_images_v2\aJ0Fx1.png,aJ0Fx1
Datasets\captcha_images_v2\8f9b3d.png,8f9b3d
Datasets\captcha_images_v2\3eba89.png,3eba89
Datasets\captcha_images_v2\e99fc9.png,e99fc9
Datasets\captcha_images_v2\118212.png,118212
Datasets\captcha_images_v2\XV3Vzc.png,XV3Vzc
Datasets\captcha_images_v2\dc93bf.png,dc93bf
Datasets\captcha_images_v2\6ee317.png,6ee317
Datasets\captcha_images_v2\e67ad2.png,e67ad2
Datasets\captcha_images_v2\WXcKnN.png,WXcKnN
Datasets\captcha_images_v2\176a55.png,176a55
Datasets\captcha_images_v2\437e66.png,437e66
Datasets\captcha_images_v2\fyYq8H.png,fyYq8H
Datasets\captcha_images_v2\v88gAi.png,v88gAi
Datasets\captcha_images_v2\0cc5e7.png,0cc5e7
Datasets\captcha_images_v2\7Jbk80.png,7Jbk80
Datasets\captcha_images_v2\f35cc4.png,f35cc4
Datasets\captcha_images_v2\a35607.png,a35607
Datasets\captcha_images_v2\BZtwif.png,BZtwif
Datasets\captcha_images_v2\0261bc.png,0261bc
Datasets\captcha_images_v2\Qpcc5u.png,Qpcc5u
Datasets\captcha_images_v2\nyRQhQ.png,nyRQhQ
Datasets\captcha_images_v2\b67483.png,b67483
Datasets\captcha_images_v2\ueYzGB.png,ueYzGB
Datasets\captcha_images_v2\yPUbpS.png,yPUbpS
Datasets\captcha_images_v2\KRGGwH.png,KRGGwH
Datasets\captcha_images_v2\5g5njX.png,5g5njX
Datasets\captcha_images_v2\1ed314.png,1ed314
Datasets\captcha_images_v2\GaGtEk.png,GaGtEk
Datasets\captcha_images_v2\yrLvqe.png,yrLvqe
Datasets\captcha_images_v2\d36440.png,d36440
Datasets\captcha_images_v2\a12cbe.png,a12cbe
Datasets\captcha_images_v2\xdHSmT.png,xdHSmT
Datasets\captcha_images_v2\OC4hIh.png,OC4hIh
Datasets\captcha_images_v2\3hvAJu.png,3hvAJu
Datasets\captcha_images_v2\8343ba.png,8343ba
Datasets\captcha_images_v2\J84isz.png,J84isz
Datasets\captcha_images_v2\5ALWQP.png,5ALWQP
Datasets\captcha_images_v2\VltxUA.png,VltxUA
Datasets\captcha_images_v2\54b6df.png,54b6df
Datasets\captcha_images_v2\0c814a.png,0c814a
Datasets\captcha_images_v2\77e933.png,77e933
Datasets\captcha_images_v2\kYdhXU.png,kYdhXU
Datasets\captcha_images_v2\834d6f.png,834d6f
Datasets\captcha_images_v2\67b224.png,67b224
Datasets\captcha_images_v2\pyZtYJ.png,pyZtYJ
Datasets\captcha_images_v2\216fb3.png,216fb3
Datasets\captcha_images_v2\v8xp1b.png,v8xp1b
Datasets\captcha_images_v2\bf7f50.png,bf7f50
Datasets\captcha_images_v2\c3b30f.png,c3b30f
Datasets\captcha_images_v2\6UzciV.png,6UzciV
Datasets\captcha_images_v2\128cfd.png,128cfd
Datasets\captcha_images_v2\a88e8f.png,a88e8f
Datasets\captcha_images_v2\oWa4TJ.png,oWa4TJ
Datasets\captcha_images_v2\343d95.png,343d95
Datasets\captcha_images_v2\9ebf33.png,9ebf33
Datasets\captcha_images_v2\664ee6.png,664ee6
Datasets\captcha_images_v2\ec0b35.png,ec0b35
Datasets\captcha_images_v2\OdTdzr.png,OdTdzr
Datasets\captcha_images_v2\jQMnbJ.png,jQMnbJ
Datasets\captcha_images_v2\md3O1Q.png,md3O1Q
Datasets\captcha_images_v2\85566f.png,85566f
Datasets\captcha_images_v2\ZDyNEb.png,ZDyNEb
Datasets\captcha_images_v2\fD7y9t.png,fD7y9t
Datasets\captcha_images_v2\C7XJdT.png,C7XJdT
Datasets\captcha_images_v2\yBrk4A.png,yBrk4A
Datasets\captcha_images_v2\VZS8oR.png,VZS8oR
Datasets\captcha_images_v2\gx9U0T.png,gx9U0T
Datasets\captcha_images_v2\qvMJ7Y.png,qvMJ7Y
Datasets\captcha_images_v2\bcedd0.png,bcedd0
Datasets\captcha_images_v2\MlZEAl.png,MlZEAl
Datasets\captcha_images_v2\db965e.png,db965e
Datasets\captcha_images_v2\oF3zTr.png,oF3zTr
Datasets\captcha_images_v2\be7086.png,be7086
Datasets\captcha_images_v2\6iSuT1.png,6iSuT1
Datasets\captcha_images_v2\wdOjKO.png,wdOjKO
Datasets\captcha_images_v2\508270.png,508270
Datasets\captcha_images_v2\37a529.png,37a529
Datasets\captcha_images_v2\66c46b.png,66c46b
Datasets\captcha_images_v2\YfPL4A.png,YfPL4A
Datasets\captcha_images_v2\2YIxZl.png,2YIxZl
Datasets\captcha_images_v2\5d7164.png,5d7164
Datasets\captcha_images_v2\a93a33.png,a93a33
Datasets\captcha_images_v2\RKETXz.png,RKETXz
Datasets\captcha_images_v2\X3LLwN.png,X3LLwN
Datasets\captcha_images_v2\78LLWY.png,78LLWY
Datasets\captcha_images_v2\04abd9.png,04abd9
Datasets\captcha_images_v2\x7hHXx.png,x7hHXx
Datasets\captcha_images_v2\IuPhJi.png,IuPhJi
Datasets\captcha_images_v2\S2TrpG.png,S2TrpG
Datasets\captcha_images_v2\10RA0d.png,10RA0d
Datasets\captcha_images_v2\ERFPYY.png,ERFPYY
Datasets\captcha_images_v2\KMd7BL.png,KMd7BL
Datasets\captcha_images_v2\wgrLQX.png,wgrLQX
Datasets\captcha_images_v2\3f2b2c.png,3f2b2c
Datasets\captcha_images_v2\81d605.png,81d605
Datasets\captcha_images_v2\ayjuaw.png,ayjuaw
Datasets\captcha_images_v2\HVB3uG.png,HVB3uG
Datasets\captcha_images_v2\A2KbeF.png,A2KbeF
Datasets\captcha_images_v2\9f97e5.png,9f97e5
Datasets\captcha_images_v2\862706.png,862706
Datasets\captcha_images_v2\MDKrZn.png,MDKrZn
Datasets\captcha_images_v2\536a1c.png,536a1c
Datasets\captcha_images_v2\HEGhsx.png,HEGhsx
Datasets\captcha_images_v2\2fBC4r.png,2fBC4r
Datasets\captcha_images_v2\REwshB.png,REwshB
Datasets\captcha_images_v2\31aa80.png,31aa80
Datasets\captcha_images_v2\zepMWV.png,zepMWV
Datasets\captcha_images_v2\b1918f.png,b1918f
Datasets\captcha_images_v2\ysK1HO.png,ysK1HO
Datasets\captcha_images_v2\p5ukCZ.png,p5ukCZ
Datasets\captcha_images_v2\cmfY8M.png,cmfY8M
Datasets\captcha_images_v2\77c847.png,77c847
Datasets\captcha_images_v2\equik2.png,equik2
Datasets\captcha_images_v2\c6ba19.png,c6ba19
Datasets\captcha_images_v2\xbtViN.png,xbtViN
Datasets\captcha_images_v2\mv0Fwq.png,mv0Fwq
Datasets\captcha_images_v2\CA2XUT.png,CA2XUT
Datasets\captcha_images_v2\ab2aa8.png,ab2aa8
Datasets\captcha_images_v2\b5f6d7.png,b5f6d7
Datasets\captcha_images_v2\NyQZlu.png,NyQZlu
Datasets\captcha_images_v2\b2f9c9.png,b2f9c9
Datasets\captcha_images_v2\eJg0LC.png,eJg0LC
Datasets\captcha_images_v2\Mf7e9t.png,Mf7e9t
Datasets\captcha_images_v2\ZksEuS.png,ZksEuS
Datasets\captcha_images_v2\WbZqqj.png,WbZqqj
Datasets\captcha_images_v2\ba67a3.png,ba67a3
Datasets\captcha_images_v2\uNKy3p.png,uNKy3p
Datasets\captcha_images_v2\SbkBjm.png,SbkBjm
Datasets\captcha_images_v2\59f0c4.png,59f0c4
Datasets\captcha_images_v2\f10Cbg.png,f10Cbg
Datasets\captcha_images_v2\281fb0.png,281fb0
Datasets\captcha_images_v2\d04726.png,d04726
Datasets\captcha_images_v2\EXMfAb.png,EXMfAb
Datasets\captcha_images_v2\Al9kS7.png,Al9kS7
Datasets\captcha_images_v2\lxLEQP.png,lxLEQP
Datasets\captcha_images_v2\f629a0.png,f629a0
Datasets\captcha_images_v2\Efrbkg.png,Efrbkg
Datasets\captcha_images_v2\6cDidD.png,6cDidD
Datasets\captcha_images_v2\gjGlDU.png,gjGlDU
Datasets\captcha_images_v2\ofQwdE.png,ofQwdE
Datasets\captcha_images_v2\4ab11e.png,4ab11e
Datasets\captcha_images_v2\yE77tD.png,yE77tD
Datasets\captcha_images_v2\d5bdb3.png,d5bdb3
Datasets\captcha_images_v2\Hfm9KQ.png,Hfm9KQ
Datasets\captcha_images_v2\3cd835.png,3cd835
Datasets\captcha_images_v2\m6osbf.png,m6osbf
Datasets\captcha_images_v2\edd67e.png,edd67e
Datasets\captcha_images_v2\96576a.png,96576a
Datasets\captcha_images_v2\xkarDz.png,xkarDz
Datasets\captcha_images_v2\qECv8F.png,qECv8F
Datasets\captcha_images_v2\LMLisI.png,LMLisI
Datasets\captcha_images_v2\9yaHvE.png,9yaHvE
Datasets\captcha_images_v2\Dm4Wqc.png,Dm4Wqc
Datasets\captcha_images_v2\db938f.png,db938f
Datasets\captcha_images_v2\jrdP3F.png,jrdP3F
Datasets\captcha_images_v2\7bc49e.png,7bc49e
Datasets\captcha_images_v2\0589fe.png,0589fe
Datasets\captcha_images_v2\qSNb1C.png,qSNb1C
Datasets\captcha_images_v2\HmVZ1X.png,HmVZ1X
Datasets\captcha_images_v2\2a82d8.png,2a82d8
Datasets\captcha_images_v2\6c154c.png,6c154c
Datasets\captcha_images_v2\dd77c0.png,dd77c0
Datasets\captcha_images_v2\329557.png,329557
Datasets\captcha_images_v2\VOd76W.png,VOd76W
Datasets\captcha_images_v2\R7OTsh.png,R7OTsh
Datasets\captcha_images_v2\hpxxGG.png,hpxxGG
Datasets\captcha_images_v2\isclBB.png,isclBB
Datasets\captcha_images_v2\0e3779.png,0e3779
Datasets\captcha_images_v2\rG0Rip.png,rG0Rip
Datasets\captcha_images_v2\095735.png,095735
Datasets\captcha_images_v2\rNvNnD.png,rNvNnD
Datasets\captcha_images_v2\a6795d.png,a6795d
Datasets\captcha_images_v2\c67fdf.png,c67fdf
Datasets\captcha_images_v2\ZoEmSd.png,ZoEmSd
Datasets\captcha_images_v2\SFN5Vd.png,SFN5Vd
Datasets\captcha_images_v2\TAzfBZ.png,TAzfBZ
Datasets\captcha_images_v2\F1Y3ue.png,F1Y3ue
Datasets\captcha_images_v2\NOQMXi.png,NOQMXi
Datasets\captcha_images_v2\QrlRlZ.png,QrlRlZ
Datasets\captcha_images_v2\KIhyYM.png,KIhyYM
Datasets\captcha_images_v2\4a4Egd.png,4a4Egd
Datasets\captcha_images_v2\7f11bc.png,7f11bc
Datasets\captcha_images_v2\987bf1.png,987bf1
Datasets\captcha_images_v2\67TNiJ.png,67TNiJ
Datasets\captcha_images_v2\t1hebE.png,t1hebE
Datasets\captcha_images_v2\a98936.png,a98936
Datasets\captcha_images_v2\616f30.png,616f30
Datasets\captcha_images_v2\15LWoT.png,15LWoT
Datasets\captcha_images_v2\Bt3Cge.png,Bt3Cge
Datasets\captcha_images_v2\0bb176.png,0bb176
Datasets\captcha_images_v2\a188a8.png,a188a8
Datasets\captcha_images_v2\226504.png,226504
Datasets\captcha_images_v2\Eiw1Cr.png,Eiw1Cr
Datasets\captcha_images_v2\0e7681.png,0e7681
Datasets\captcha_images_v2\371ecc.png,371ecc
Datasets\captcha_images_v2\n1R9zi.png,n1R9zi
Datasets\captcha_images_v2\fd5f77.png,fd5f77
Datasets\captcha_images_v2\iOfibN.png,iOfibN
Datasets\captcha_images_v2\I1YsTS.png,I1YsTS
Datasets\captcha_images_v2\1a6a19.png,1a6a19
Datasets\captcha_images_v2\655194.png,655194
Datasets\captcha_images_v2\3ac905.png,3ac905
Datasets\captcha_images_v2\gHEmGG.png,gHEmGG
Datasets\captcha_images_v2\a16e77.png,a16e77
Datasets\captcha_images_v2\9185cb.png,9185cb
Datasets\captcha_images_v2\Xxp7lA.png,Xxp7lA
Datasets\captcha_images_v2\azZO9Q.png,azZO9Q
Datasets\captcha_images_v2\f04020.png,f04020
Datasets\captcha_images_v2\DcLdtC.png,DcLdtC
Datasets\captcha_images_v2\m3YkhL.png,m3YkhL
Datasets\captcha_images_v2\PvtbBy.png,PvtbBy
Datasets\captcha_images_v2\ipE2Wb.png,ipE2Wb
Datasets\captcha_images_v2\6c8f02.png,6c8f02
Datasets\captcha_images_v2\sVywv0.png,sVywv0
Datasets\captcha_images_v2\qqcfjG.png,qqcfjG
Datasets\captcha_images_v2\v4M303.png,v4M303
Datasets\captcha_images_v2\U8vNO2.png,U8vNO2
Datasets\captcha_images_v2\202cbe.png,202cbe
Datasets\captcha_images_v2\qC6wMg.png,qC6wMg
Datasets\captcha_images_v2\UjFDw6.png,UjFDw6
Datasets\captcha_images_v2\cwxA7k.png,cwxA7k
Datasets\captcha_images_v2\dDXxeS.png,dDXxeS
Datasets\captcha_images_v2\ssOGBJ.png,ssOGBJ
Datasets\captcha_images_v2\ToiVgQ.png,ToiVgQ
Datasets\captcha_images_v2\wghqWO.png,wghqWO
Datasets\captcha_images_v2\OqZ2Ag.png,OqZ2Ag
Datasets\captcha_images_v2\78ba24.png,78ba24
Datasets\captcha_images_v2\2ae77f.png,2ae77f
Datasets\captcha_images_v2\HTH59T.png,HTH59T
Datasets\captcha_images_v2\wtfpv7.png,wtfpv7
Datasets\captcha_images_v2\z5lhZv.png,z5lhZv
Datasets\captcha_images_v2\16aee8.png,16aee8
Datasets\captcha_images_v2\fa5740.png,fa5740
Datasets\captcha_images_v2\M7DrIz.png,M7DrIz
Datasets\captcha_images_v2\bfad10.png,bfad10
Datasets\captcha_images_v2\cbd17d.png,cbd17d
Datasets\captcha_images_v2\3d4052.png,3d4052
Datasets\captcha_images_v2\pMujqV.png,pMujqV
Datasets\captcha_images_v2\RGJqVP.png,RGJqVP
Datasets\captcha_images_v2\9IS5Jd.png,9IS5Jd
Datasets\captcha_images_v2\8d7fc5.png,8d7fc5
Datasets\captcha_images_v2\9rtoXh.png,9rtoXh
Datasets\captcha_images_v2\2443de.png,2443de
Datasets\captcha_images_v2\UeRJry.png,UeRJry
Datasets\captcha_images_v2\PTkUz2.png,PTkUz2
Datasets\captcha_images_v2\UwrJkr.png,UwrJkr
Datasets\captcha_images_v2\b27a50.png,b27a50
Datasets\captcha_images_v2\6287b3.png,6287b3
Datasets\captcha_images_v2\b0129a.png,b0129a
Datasets\captcha_images_v2\vMtiHS.png,vMtiHS
Datasets\captcha_images_v2\zcwZIv.png,zcwZIv
Datasets\captcha_images_v2\uLFiFS.png,uLFiFS
Datasets\captcha_images_v2\476f7e.png,476f7e
Datasets\captcha_images_v2\tuTelJ.png,tuTelJ
Datasets\captcha_images_v2\395e4e.png,395e4e
Datasets\captcha_images_v2\c8f77c.png,c8f77c
Datasets\captcha_images_v2\LlCGc8.png,LlCGc8
Datasets\captcha_images_v2\6f4202.png,6f4202
Datasets\captcha_images_v2\92ade3.png,92ade3
Datasets\captcha_images_v2\nyKRSr.png,nyKRSr
Datasets\captcha_images_v2\tSxfTz.png,tSxfTz
Datasets\captcha_images_v2\3gxlWf.png,3gxlWf
Datasets\captcha_images_v2\75Em7x.png,75Em7x
Datasets\captcha_images_v2\JKSiSN.png,JKSiSN
Datasets\captcha_images_v2\vY0zGS.png,vY0zGS
Datasets\captcha_images_v2\YMmo92.png,YMmo92
Datasets\captcha_images_v2\Ex13jS.png,Ex13jS
Datasets\captcha_images_v2\nCRCz4.png,nCRCz4
Datasets\captcha_images_v2\c5aef7.png,c5aef7
Datasets\captcha_images_v2\067cb3.png,067cb3
Datasets\captcha_images_v2\6RgCLM.png,6RgCLM
Datasets\captcha_images_v2\b4106e.png,b4106e
Datasets\captcha_images_v2\4c172e.png,4c172e
Datasets\captcha_images_v2\8w69IA.png,8w69IA
Datasets\captcha_images_v2\aeb048.png,aeb048
Datasets\captcha_images_v2\5110f9.png,5110f9
Datasets\captcha_images_v2\d08096.png,d08096
Datasets\captcha_images_v2\l6EWpa.png,l6EWpa
Datasets\captcha_images_v2\UKtC18.png,UKtC18
Datasets\captcha_images_v2\faeac3.png,faeac3
Datasets\captcha_images_v2\kxUlK0.png,kxUlK0
Datasets\captcha_images_v2\3cxN0N.png,3cxN0N
Datasets\captcha_images_v2\c05c01.png,c05c01
Datasets\captcha_images_v2\cfd5a3.png,cfd5a3
Datasets\captcha_images_v2\fdb1ff.png,fdb1ff
Datasets\captcha_images_v2\8a44b5.png,8a44b5
Datasets\captcha_images_v2\3fbf76.png,3fbf76
Datasets\captcha_images_v2\66c606.png,66c606
Datasets\captcha_images_v2\A2MxDv.png,A2MxDv
Datasets\captcha_images_v2\NFj9gj.png,NFj9gj
Datasets\captcha_images_v2\HYZZQN.png,HYZZQN
Datasets\captcha_images_v2\P4vhHq.png,P4vhHq
Datasets\captcha_images_v2\38c80f.png,38c80f
Datasets\captcha_images_v2\fac9b6.png,fac9b6
Datasets\captcha_images_v2\037ac4.png,037ac4
Datasets\captcha_images_v2\byLAj2.png,byLAj2
Datasets\captcha_images_v2\piT4u9.png,piT4u9
Datasets\captcha_images_v2\c11d02.png,c11d02
Datasets\captcha_images_v2\exhK1R.png,exhK1R
Datasets\captcha_images_v2\f41c0Y.png,f41c0Y
Datasets\captcha_images_v2\a866ec.png,a866ec
Datasets\captcha_images_v2\57cf62.png,57cf62
Datasets\captcha_images_v2\5gLkzL.png,5gLkzL
Datasets\captcha_images_v2\EwYWt9.png,EwYWt9
Datasets\captcha_images_v2\0a6fe4.png,0a6fe4
Datasets\captcha_images_v2\wFAjci.png,wFAjci
Datasets\captcha_images_v2\af061e.png,af061e
Datasets\captcha_images_v2\KJbrfo.png,KJbrfo
Datasets\captcha_images_v2\oGa3up.png,oGa3up
Datasets\captcha_images_v2\ghLBx7.png,ghLBx7
Datasets\captcha_images_v2\5i8A24.png,5i8A24
Datasets\captcha_images_v2\a13837.png,a13837
Datasets\captcha_images_v2\572fca.png,572fca
Datasets\captcha_images_v2\2d4c2f.png,2d4c2f
Datasets\captcha_images_v2\0d5c6b.png,0d5c6b
Datasets\captcha_images_v2\xD2TeJ.png,xD2TeJ
Datasets\captcha_images_v2\7e7144.png,7e7144
Datasets\captcha_images_v2\462c06.png,462c06
Datasets\captcha_images_v2\Y2VwDf.png,Y2VwDf
Datasets\captcha_images_v2\4a58a1.png,4a58a1
Datasets\captcha_images_v2\zaSbHy.png,zaSbHy
Datasets\captcha_images_v2\QjYx3U.png,QjYx3U
Datasets\captcha_images_v2\bc0d3e.png,bc0d3e
Datasets\captcha_images_v2\KnWPXs.png,KnWPXs
Datasets\captcha_images_v2\21b60b.png,21b60b
Datasets\captcha_images_v2\ZLUGic.png,ZLUGic
Datasets\captcha_images_v2\RzxEfi.png,RzxEfi
Datasets\captcha_images_v2\okMeEA.png,okMeEA
Datasets\captcha_images_v2\36075a.png,36075a
Datasets\captcha_images_v2\aed417.png,aed417
Datasets\captcha_images_v2\iddxQe.png,iddxQe
Datasets\captcha_images_v2\BCE8fY.png,BCE8fY
Datasets\captcha_images_v2\eMBFwt.png,eMBFwt
Datasets\captcha_images_v2\k4szL4.png,k4szL4
Datasets\captcha_images_v2\3b0331.png,3b0331
Datasets\captcha_images_v2\OepYK9.png,OepYK9
Datasets\captcha_images_v2\16f440.png,16f440
Datasets\captcha_images_v2\d0deca.png,d0deca
Datasets\captcha_images_v2\5cec1d.png,5cec1d
Datasets\captcha_images_v2\KmRf6z.png,KmRf6z
Datasets\captcha_images_v2\K5PQNR.png,K5PQNR
Datasets\captcha_images_v2\FDX3cE.png,FDX3cE
Datasets\captcha_images_v2\QOg094.png,QOg094
Datasets\captcha_images_v2\7a6498.png,7a6498
Datasets\captcha_images_v2\cRvdc6.png,cRvdc6
Datasets\captcha_images_v2\yWJH5M.png,yWJH5M
Datasets\captcha_images_v2\BRzJVP.png,BRzJVP
Datasets\captcha_images_v2\a8a429.png,a8a429
Datasets\captcha_images_v2\021f54.png,021f54
Datasets\captcha_images_v2\49c188.png,49c188
Datasets\captcha_images_v2\yFlFu3.png,yFlFu3
Datasets\captcha_images_v2\7D9RvU.png,7D9RvU
Datasets\captcha_images_v2\340b8d.png,340b8d
Datasets\captcha_images_v2\70ec36.png,70ec36
Datasets\captcha_images_v2\EA9T6I.png,EA9T6I
Datasets\captcha_images_v2\aEk6Tv.png,aEk6Tv
Datasets\captcha_images_v2\Rik2N9.png,Rik2N9
Datasets\captcha_images_v2\wVOdPz.png,wVOdPz
Datasets\captcha_images_v2\28cd81.png,28cd81
Datasets\captcha_images_v2\a204c0.png,a204c0
Datasets\captcha_images_v2\tT1Dy8.png,tT1Dy8
Datasets\captcha_images_v2\869529.png,869529
Datasets\captcha_images_v2\V8NTqM.png,V8NTqM
Datasets\captcha_images_v2\301159.png,301159
Datasets\captcha_images_v2\ba4252.png,ba4252
Datasets\captcha_images_v2\AzYC3y.png,AzYC3y
Datasets\captcha_images_v2\15rYhq.png,15rYhq
Datasets\captcha_images_v2\70b4b7.png,70b4b7
Datasets\captcha_images_v2\64vmut.png,64vmut
Datasets\captcha_images_v2\885389.png,885389
Datasets\captcha_images_v2\67f8df.png,67f8df
Datasets\captcha_images_v2\e200e2.png,e200e2
Datasets\captcha_images_v2\a3ecd3.png,a3ecd3
Datasets\captcha_images_v2\a13638.png,a13638
Datasets\captcha_images_v2\svJYR2.png,svJYR2
Datasets\captcha_images_v2\XaFQLz.png,XaFQLz
Datasets\captcha_images_v2\326569.png,326569
Datasets\captcha_images_v2\ktVhK2.png,ktVhK2
Datasets\captcha_images_v2\mous83.png,mous83
Datasets\captcha_images_v2\G5l8Dl.png,G5l8Dl
Datasets\captcha_images_v2\5876ef.png,5876ef
Datasets\captcha_images_v2\VLzWN1.png,VLzWN1
Datasets\captcha_images_v2\OyU3wh.png,OyU3wh
Datasets\captcha_images_v2\238741.png,238741
Datasets\captcha_images_v2\So3eV8.png,So3eV8
Datasets\captcha_images_v2\9Yk73v.png,9Yk73v
Datasets\captcha_images_v2\Gl3Saf.png,Gl3Saf
Datasets\captcha_images_v2\a4ZUVd.png,a4ZUVd
Datasets\captcha_images_v2\QM1OMe.png,QM1OMe
Datasets\captcha_images_v2\yazGap.png,yazGap
Datasets\captcha_images_v2\Qp1vId.png,Qp1vId
Datasets\captcha_images_v2\0xQd6M.png,0xQd6M
Datasets\captcha_images_v2\vQJMAz.png,vQJMAz
Datasets\captcha_images_v2\d840c6.png,d840c6
Datasets\captcha_images_v2\204481.png,204481
Datasets\captcha_images_v2\30uSyI.png,30uSyI
Datasets\captcha_images_v2\DuTJSC.png,DuTJSC
Datasets\captcha_images_v2\oCsKCA.png,oCsKCA
Datasets\captcha_images_v2\4IlOuE.png,4IlOuE
Datasets\captcha_images_v2\a009c0.png,a009c0
Datasets\captcha_images_v2\927e34.png,927e34
Datasets\captcha_images_v2\BZxdPb.png,BZxdPb
Datasets\captcha_images_v2\5iqCyz.png,5iqCyz
Datasets\captcha_images_v2\QYsbUu.png,QYsbUu
Datasets\captcha_images_v2\243dce.png,243dce
Datasets\captcha_images_v2\8WHGsE.png,8WHGsE
Datasets\captcha_images_v2\zg2n4H.png,zg2n4H
Datasets\captcha_images_v2\fb8355.png,fb8355
Datasets\captcha_images_v2\ea8588.png,ea8588
Datasets\captcha_images_v2\DL15Vu.png,DL15Vu
Datasets\captcha_images_v2\RGhKU4.png,RGhKU4
Datasets\captcha_images_v2\9FIpyo.png,9FIpyo
Datasets\captcha_images_v2\29b52a.png,29b52a
Datasets\captcha_images_v2\f7ab06.png,f7ab06
Datasets\captcha_images_v2\dowbW7.png,dowbW7
Datasets\captcha_images_v2\bcb285.png,bcb285
Datasets\captcha_images_v2\3g1p9A.png,3g1p9A
Datasets\captcha_images_v2\ff8e8b.png,ff8e8b
Datasets\captcha_images_v2\ffb3fd.png,ffb3fd
Datasets\captcha_images_v2\dcc883.png,dcc883
Datasets\captcha_images_v2\139b40.png,139b40
Datasets\captcha_images_v2\4lZKg2.png,4lZKg2
Datasets\captcha_images_v2\18c556.png,18c556
Datasets\captcha_images_v2\6NItzR.png,6NItzR
Datasets\captcha_images_v2\acopYa.png,acopYa
Datasets\captcha_images_v2\ynGRsl.png,ynGRsl
Datasets\captcha_images_v2\QkCcDi.png,QkCcDi
Datasets\captcha_images_v2\0322c1.png,0322c1
Datasets\captcha_images_v2\914e38.png,914e38
Datasets\captcha_images_v2\GEEAzk.png,GEEAzk
Datasets\captcha_images_v2\a64192.png,a64192
Datasets\captcha_images_v2\CMX9mA.png,CMX9mA
Datasets\captcha_images_v2\0c95d7.png,0c95d7
Datasets\captcha_images_v2\370088.png,370088
Datasets\captcha_images_v2\hiKW2t.png,hiKW2t
Datasets\captcha_images_v2\f5684c.png,f5684c
Datasets\captcha_images_v2\b28bd7.png,b28bd7
Datasets\captcha_images_v2\558564.png,558564
Datasets\captcha_images_v2\xyBe93.png,xyBe93
Datasets\captcha_images_v2\kZDpC6.png,kZDpC6
Datasets\captcha_images_v2\XIUu2T.png,XIUu2T
Datasets\captcha_images_v2\bafd22.png,bafd22
Datasets\captcha_images_v2\a869c9.png,a869c9
Datasets\captcha_images_v2\gZ0RB0.png,gZ0RB0
Datasets\captcha_images_v2\uVc5xJ.png,uVc5xJ
Datasets\captcha_images_v2\209dc3.png,209dc3
Datasets\captcha_images_v2\pdEXOv.png,pdEXOv
Datasets\captcha_images_v2\111PbU.png,111PbU
Datasets\captcha_images_v2\ZqdQkD.png,ZqdQkD
Datasets\captcha_images_v2\b7f320.png,b7f320
Datasets\captcha_images_v2\9a073c.png,9a073c
Datasets\captcha_images_v2\831c9d.png,831c9d
Datasets\captcha_images_v2\vaOQId.png,vaOQId
Datasets\captcha_images_v2\f73fb2.png,f73fb2
Datasets\captcha_images_v2\OGHXVO.png,OGHXVO
Datasets\captcha_images_v2\3c52c1.png,3c52c1
Datasets\captcha_images_v2\e0727a.png,e0727a
Datasets\captcha_images_v2\ed3042.png,ed3042
Datasets\captcha_images_v2\CrVWE9.png,CrVWE9
Datasets\captcha_images_v2\c0bafd.png,c0bafd
Datasets\captcha_images_v2\ad0886.png,ad0886
Datasets\captcha_images_v2\7381c8.png,7381c8
Datasets\captcha_images_v2\QBi15o.png,QBi15o
Datasets\captcha_images_v2\KIVVpa.png,KIVVpa
Datasets\captcha_images_v2\a6a753.png,a6a753
Datasets\captcha_images_v2\c7AJks.png,c7AJks
Datasets\captcha_images_v2\wjMGUJ.png,wjMGUJ
Datasets\captcha_images_v2\bc7b8c.png,bc7b8c
Datasets\captcha_images_v2\RTYW0L.png,RTYW0L
Datasets\captcha_images_v2\YkjYJn.png,YkjYJn
Datasets\captcha_images_v2\PWQCNP.png,PWQCNP
Datasets\captcha_images_v2\Urp4Kn.png,Urp4Kn
Datasets\captcha_images_v2\fa397e.png,fa397e
Datasets\captcha_images_v2\IlRvPa.png,IlRvPa
Datasets\captcha_images_v2\7gNvSF.png,7gNvSF
Datasets\captcha_images_v2\TW1EIt.png,TW1EIt
Datasets\captcha_images_v2\VAqA3X.png,VAqA3X
Datasets\captcha_images_v2\Onz0ph.png,Onz0ph
Datasets\captcha_images_v2\JLHete.png,JLHete
Datasets\captcha_images_v2\A9JAXe.png,A9JAXe
Datasets\captcha_images_v2\6c4b2c.png,6c4b2c
Datasets\captcha_images_v2\WKDPZT.png,WKDPZT
Datasets\captcha_images_v2\01f808.png,01f808
Datasets\captcha_images_v2\FrCQ6N.png,FrCQ6N
Datasets\captcha_images_v2\vEfN68.png,vEfN68
Datasets\captcha_images_v2\81a8ba.png,81a8ba
Datasets\captcha_images_v2\ReW2ao.png,ReW2ao
Datasets\captcha_images_v2\eoCqin.png,eoCqin
Datasets\captcha_images_v2\ZCsaY8.png,ZCsaY8
Datasets\captcha_images_v2\9722d8.png,9722d8
Datasets\captcha_images_v2\1eae8d.png,1eae8d
Datasets\captcha_images_v2\BrJ81i.png,BrJ81i
Datasets\captcha_images_v2\tfa1rZ.png,tfa1rZ
Datasets\captcha_images_v2\5TyA8Y.png,5TyA8Y
Datasets\captcha_images_v2\CIqgKU.png,CIqgKU
Datasets\captcha_images_v2\0e885f.png,0e885f
Datasets\captcha_images_v2\SLq3Ra.png,SLq3Ra
Datasets\captcha_images_v2\9iFkQd.png,9iFkQd
Datasets\captcha_images_v2\e44b42.png,e44b42
Datasets\captcha_images_v2\troljC.png,troljC
Datasets\captcha_images_v2\hKoLbj.png,hKoLbj
Datasets\captcha_images_v2\f3373c.png,f3373c
Datasets\captcha_images_v2\sclmw9.png,sclmw9
Datasets\captcha_images_v2\7a410e.png,7a410e
Datasets\captcha_images_v2\49e5c2.png,49e5c2
Datasets\captcha_images_v2\a6416d.png,a6416d
Datasets\captcha_images_v2\0t2lyu.png,0t2lyu
Datasets\captcha_images_v2\qMbz7g.png,qMbz7g
Datasets\captcha_images_v2\D8Ai55.png,D8Ai55
Datasets\captcha_images_v2\zf0Q66.png,zf0Q66
Datasets\captcha_images_v2\cgXJuy.png,cgXJuy
Datasets\captcha_images_v2\i0jVtl.png,i0jVtl
Datasets\captcha_images_v2\18d74f.png,18d74f
Datasets\captcha_images_v2\ce095a.png,ce095a
Datasets\captcha_images_v2\YfB6Kd.png,YfB6Kd
Datasets\captcha_images_v2\4tQ2DZ.png,4tQ2DZ
Datasets\captcha_images_v2\5e4f76.png,5e4f76
Datasets\captcha_images_v2\DSN70z.png,DSN70z
Datasets\captcha_images_v2\e54ec4.png,e54ec4
Datasets\captcha_images_v2\8SJXcc.png,8SJXcc
Datasets\captcha_images_v2\vo8w2L.png,vo8w2L
Datasets\captcha_images_v2\LfPPWy.png,LfPPWy
Datasets\captcha_images_v2\b25e07.png,b25e07
Datasets\captcha_images_v2\3f334b.png,3f334b
Datasets\captcha_images_v2\a1cb69.png,a1cb69
Datasets\captcha_images_v2\taUCpy.png,taUCpy
Datasets\captcha_images_v2\oRd8nJ.png,oRd8nJ
Datasets\captcha_images_v2\XHZ1tF.png,XHZ1tF
Datasets\captcha_images_v2\510839.png,510839
Datasets\captcha_images_v2\b6d4ae.png,b6d4ae
Datasets\captcha_images_v2\0TwwJC.png,0TwwJC
Datasets\captcha_images_v2\dP8WWZ.png,dP8WWZ
Datasets\captcha_images_v2\Mxxqcy.png,Mxxqcy
Datasets\captcha_images_v2\2fcbd4.png,2fcbd4
Datasets\captcha_images_v2\79df33.png,79df33
Datasets\captcha_images_v2\dddfb6.png,dddfb6
Datasets\captcha_images_v2\978510.png,978510
Datasets\captcha_images_v2\IOmOnE.png,IOmOnE
Datasets\captcha_images_v2\61dca3.png,61dca3
Datasets\captcha_images_v2\pkzJbe.png,pkzJbe
Datasets\captcha_images_v2\9d1a7d.png,9d1a7d
Datasets\captcha_images_v2\nL4ft1.png,nL4ft1
Datasets\captcha_images_v2\80527b.png,80527b
Datasets\captcha_images_v2\2b3tl7.png,2b3tl7
Datasets\captcha_images_v2\e90a55.png,e90a55
Datasets\captcha_images_v2\pZp9na.png,pZp9na
Datasets\captcha_images_v2\dc036c.png,dc036c
Datasets\captcha_images_v2\7c9269.png,7c9269
Datasets\captcha_images_v2\Lx7nDp.png,Lx7nDp
Datasets\captcha_images_v2\PzBHdI.png,PzBHdI
Datasets\captcha_images_v2\f924eK.png,f924eK
Datasets\captcha_images_v2\nvGoM0.png,nvGoM0
Datasets\captcha_images_v2\a4hKRe.png,a4hKRe
Datasets\captcha_images_v2\d78698.png,d78698
Datasets\captcha_images_v2\5aNSOp.png,5aNSOp
Datasets\captcha_images_v2\662343.png,662343
Datasets\captcha_images_v2\TPM06p.png,TPM06p
Datasets\captcha_images_v2\25cc61.png,25cc61
Datasets\captcha_images_v2\LQrTxW.png,LQrTxW
Datasets\captcha_images_v2\1kftV2.png,1kftV2
Datasets\captcha_images_v2\Hg7bfw.png,Hg7bfw
Datasets\captcha_images_v2\7885c4.png,7885c4
Datasets\captcha_images_v2\CGfz2A.png,CGfz2A
Datasets\captcha_images_v2\0p6GBv.png,0p6GBv
Datasets\captcha_images_v2\Q9NVNx.png,Q9NVNx
Datasets\captcha_images_v2\Xw34U5.png,Xw34U5
Datasets\captcha_images_v2\9FWBd9.png,9FWBd9
Datasets\captcha_images_v2\UPGkLV.png,UPGkLV
Datasets\captcha_images_v2\28e35f.png,28e35f
Datasets\captcha_images_v2\hwlKt6.png,hwlKt6
Datasets\captcha_images_v2\NI7Lnj.png,NI7Lnj
Datasets\captcha_images_v2\pHzN3r.png,pHzN3r
Datasets\captcha_images_v2\yjFOx7.png,yjFOx7
Datasets\captcha_images_v2\v06awV.png,v06awV
Datasets\captcha_images_v2\068083.png,068083
Datasets\captcha_images_v2\fbbd48.png,fbbd48
Datasets\captcha_images_v2\01a1d8.png,01a1d8
Datasets\captcha_images_v2\sae6vQ.png,sae6vQ
Datasets\captcha_images_v2\5c53a2.png,5c53a2
Datasets\captcha_images_v2\27b04b.png,27b04b
Datasets\captcha_images_v2\750af2.png,750af2
Datasets\captcha_images_v2\b5a63a.png,b5a63a
Datasets\captcha_images_v2\c037a5.png,c037a5
Datasets\captcha_images_v2\Goe2bQ.png,Goe2bQ
Datasets\captcha_images_v2\WXLhwb.png,WXLhwb
Datasets\captcha_images_v2\690db3.png,690db3
Datasets\captcha_images_v2\eCBTCm.png,eCBTCm
Datasets\captcha_images_v2\dgHoVV.png,dgHoVV
Datasets\captcha_images_v2\4e2279.png,4e2279
Datasets\captcha_images_v2\18d960.png,18d960
Datasets\captcha_images_v2\2f142f.png,2f142f
Datasets\captcha_images_v2\f40cc7.png,f40cc7
Datasets\captcha_images_v2\z1V8jy.png,z1V8jy
Datasets\captcha_images_v2\itooJP.png,itooJP
Datasets\captcha_images_v2\Tx5LCd.png,Tx5LCd
Datasets\captcha_images_v2\teyEpe.png,teyEpe
Datasets\captcha_images_v2\5508c5.png,5508c5
Datasets\captcha_images_v2\gwiaK3.png,gwiaK3
Datasets\captcha_images_v2\8db90a.png,8db90a
Datasets\captcha_images_v2\jF8DzB.png,jF8DzB
Datasets\captcha_images_v2\306vVP.png,306vVP
Datasets\captcha_images_v2\116239.png,116239
Datasets\captcha_images_v2\e29cbb.png,e29cbb
Datasets\captcha_images_v2\H58A7Q.png,H58A7Q
Datasets\captcha_images_v2\6cf64a.png,6cf64a
Datasets\captcha_images_v2\esPdRb.png,esPdRb
Datasets\captcha_images_v2\QRw3jr.png,QRw3jr
Datasets\captcha_images_v2\YQziaN.png,YQziaN
Datasets\captcha_images_v2\1fbd90.png,1fbd90
Datasets\captcha_images_v2\Wa6uvB.png,Wa6uvB
Datasets\captcha_images_v2\570aff.png,570aff
Datasets\captcha_images_v2\6cf151.png,6cf151
Datasets\captcha_images_v2\ee6730.png,ee6730
Datasets\captcha_images_v2\7908f9.png,7908f9
Datasets\captcha_images_v2\TVLTG8.png,TVLTG8
Datasets\captcha_images_v2\qFURiF.png,qFURiF
Datasets\captcha_images_v2\CudmHx.png,CudmHx
Datasets\captcha_images_v2\a2e9e0.png,a2e9e0
Datasets\captcha_images_v2\KKWIlw.png,KKWIlw
Datasets\captcha_images_v2\071504.png,071504
Datasets\captcha_images_v2\351aa4.png,351aa4
Datasets\captcha_images_v2\44d23f.png,44d23f
Datasets\captcha_images_v2\3b6809.png,3b6809
Datasets\captcha_images_v2\f79589.png,f79589
Datasets\captcha_images_v2\6c5dfc.png,6c5dfc
Datasets\captcha_images_v2\49045a.png,49045a
Datasets\captcha_images_v2\geioXA.png,geioXA
Datasets\captcha_images_v2\MPKUOh.png,MPKUOh
Datasets\captcha_images_v2\1a72f9.png,1a72f9
Datasets\captcha_images_v2\ac5cc6.png,ac5cc6
Datasets\captcha_images_v2\4554fb.png,4554fb
Datasets\captcha_images_v2\f5c0fd.png,f5c0fd
Datasets\captcha_images_v2\bbfc06.png,bbfc06
Datasets\captcha_images_v2\C4ogVi.png,C4ogVi
Datasets\captcha_images_v2\FJBjHk.png,FJBjHk
Datasets\captcha_images_v2\24a438.png,24a438
Datasets\captcha_images_v2\2c8337.png,2c8337
Datasets\captcha_images_v2\5090a0.png,5090a0
Datasets\captcha_images_v2\8a682c.png,8a682c
Datasets\captcha_images_v2\CGIOx6.png,CGIOx6
Datasets\captcha_images_v2\77ce86.png,77ce86
Datasets\captcha_images_v2\RuK3D5.png,RuK3D5
Datasets\captcha_images_v2\fb1a45.png,fb1a45
Datasets\captcha_images_v2\W7lOFD.png,W7lOFD
Datasets\captcha_images_v2\f66d74.png,f66d74
Datasets\captcha_images_v2\9n3XYK.png,9n3XYK
Datasets\captcha_images_v2\f2a50c.png,f2a50c
Datasets\captcha_images_v2\a7add5.png,a7add5
Datasets\captcha_images_v2\BeBxfA.png,BeBxfA
Datasets\captcha_images_v2\Ix0Cpe.png,Ix0Cpe
Datasets\captcha_images_v2\97xwQ5.png,97xwQ5
Datasets\captcha_images_v2\Gpm8HR.png,Gpm8HR
Datasets\captcha_images_v2\RFk8lz.png,RFk8lz
Datasets\captcha_images_v2\yMCnPN.png,yMCnPN
Datasets\captcha_images_v2\UXPSHb.png,UXPSHb
Datasets\captcha_images_v2\IeeJcb.png,IeeJcb
Datasets\captcha_images_v2\GRPrAA.png,GRPrAA
Datasets\captcha_images_v2\826a77.png,826a77
Datasets\captcha_images_v2\saBHo4.png,saBHo4
Datasets\captcha_images_v2\CcngER.png,CcngER
Datasets\captcha_images_v2\a4795a.png,a4795a
Datasets\captcha_images_v2\tjqrvJ.png,tjqrvJ
Datasets\captcha_images_v2\00qYK5.png,00qYK5
Datasets\captcha_images_v2\95e6de.png,95e6de
Datasets\captcha_images_v2\10efe6.png,10efe6
Datasets\captcha_images_v2\942f9a.png,942f9a
Datasets\captcha_images_v2\z3xKqA.png,z3xKqA
Datasets\captcha_images_v2\6564a1.png,6564a1
Datasets\captcha_images_v2\606858.png,606858
Datasets\captcha_images_v2\OZnTVv.png,OZnTVv
Datasets\captcha_images_v2\pJyN96.png,pJyN96
Datasets\captcha_images_v2\w5zcbM.png,w5zcbM
Datasets\captcha_images_v2\3deb8e.png,3deb8e
Datasets\captcha_images_v2\AiSSGA.png,AiSSGA
Datasets\captcha_images_v2\a62378.png,a62378
Datasets\captcha_images_v2\IVPWWF.png,IVPWWF
Datasets\captcha_images_v2\FfKzNY.png,FfKzNY
Datasets\captcha_images_v2\eh05Pq.png,eh05Pq
Datasets\captcha_images_v2\79646c.png,79646c
Datasets\captcha_images_v2\M56FdP.png,M56FdP
Datasets\captcha_images_v2\34ee0a.png,34ee0a
Datasets\captcha_images_v2\mykDYi.png,mykDYi
Datasets\captcha_images_v2\b47657.png,b47657
Datasets\captcha_images_v2\a08e40.png,a08e40
Datasets\captcha_images_v2\569e67.png,569e67
Datasets\captcha_images_v2\5a66ae.png,5a66ae
Datasets\captcha_images_v2\iIPdEg.png,iIPdEg
Datasets\captcha_images_v2\pEIA5h.png,pEIA5h
Datasets\captcha_images_v2\agUkpA.png,agUkpA
Datasets\captcha_images_v2\hMTWph.png,hMTWph
Datasets\captcha_images_v2\c5bf04.png,c5bf04
Datasets\captcha_images_v2\Uhat0O.png,Uhat0O
Datasets\captcha_images_v2\c7cdf0.png,c7cdf0
Datasets\captcha_images_v2\195268.png,195268
Datasets\captcha_images_v2\LKZEQB.png,LKZEQB
Datasets\captcha_images_v2\tQWbaU.png,tQWbaU
Datasets\captcha_images_v2\613316.png,613316
Datasets\captcha_images_v2\4eORk6.png,4eORk6
Datasets\captcha_images_v2\4481b2.png,4481b2
Datasets\captcha_images_v2\646cb7.png,646cb7
Datasets\captcha_images_v2\82e09b.png,82e09b
Datasets\captcha_images_v2\1a34b4.png,1a34b4
Datasets\captcha_images_v2\oehsrh.png,oehsrh
Datasets\captcha_images_v2\021572.png,021572
Datasets\captcha_images_v2\XFwTFy.png,XFwTFy
Datasets\captcha_images_v2\eicWcL.png,eicWcL
Datasets\captcha_images_v2\UYlcPh.png,UYlcPh
Datasets\captcha_images_v2\51530d.png,51530d
Datasets\captcha_images_v2\M958oh.png,M958oh
Datasets\captcha_images_v2\2797e0.png,2797e0
Datasets\captcha_images_v2\459997.png,459997
Datasets\captcha_images_v2\12400f.png,12400f
Datasets\captcha_images_v2\f68e03.png,f68e03
Datasets\captcha_images_v2\RePGXl.png,RePGXl
Datasets\captcha_images_v2\61280f.png,61280f
Datasets\captcha_images_v2\104bdd.png,104bdd
Datasets\captcha_images_v2\BtBNtl.png,BtBNtl
Datasets\captcha_images_v2\210GQL.png,210GQL
Datasets\captcha_images_v2\3ec4f1.png,3ec4f1
Datasets\captcha_images_v2\c98f08.png,c98f08
Datasets\captcha_images_v2\mA0rmd.png,mA0rmd
Datasets\captcha_images_v2\759051.png,759051
Datasets\captcha_images_v2\eJ5ZuX.png,eJ5ZuX
Datasets\captcha_images_v2\kTkSsL.png,kTkSsL
Datasets\captcha_images_v2\vC4BHM.png,vC4BHM
Datasets\captcha_images_v2\9db24c.png,9db24c
Datasets\captcha_images_v2\p9NWMn.png,p9NWMn
Datasets\captcha_images_v2\5efee9.png,5efee9
Datasets\captcha_images_v2\i4q5DE.png,i4q5DE
Datasets\captcha_images_v2\2UWOhN.png,2UWOhN
Datasets\captcha_images_v2\XWM2Hf.png,XWM2Hf
Datasets\captcha_images_v2\cgbCtn.png,cgbCtn
Datasets\captcha_images_v2\ac6ae5.png,ac6ae5
Datasets\captcha_images_v2\I0WXNy.png,I0WXNy
Datasets\captcha_images_v2\75a27f.png,75a27f
Datasets\captcha_images_v2\b382ac.png,b382ac
Datasets\captcha_images_v2\6ba384.png,6ba384
Datasets\captcha_images_v2\RRS1UA.png,RRS1UA
Datasets\captcha_images_v2\ycL2An.png,ycL2An
Datasets\captcha_images_v2\7Vx3FM.png,7Vx3FM
Datasets\captcha_images_v2\aa70d8.png,aa70d8
Datasets\captcha_images_v2\cc0610.png,cc0610
Datasets\captcha_images_v2\9a5423.png,9a5423
Datasets\captcha_images_v2\131f38.png,131f38
Datasets\captcha_images_v2\hmICUx.png,hmICUx
Datasets\captcha_images_v2\S4baQw.png,S4baQw
Datasets\captcha_images_v2\5fEH7p.png,5fEH7p
Datasets\captcha_images_v2\97fc78.png,97fc78
Datasets\captcha_images_v2\0da0e4.png,0da0e4
Datasets\captcha_images_v2\9eK7O4.png,9eK7O4
Datasets\captcha_images_v2\6f20e9.png,6f20e9
Datasets\captcha_images_v2\ogdPiS.png,ogdPiS
Datasets\captcha_images_v2\001b42.png,001b42
Datasets\captcha_images_v2\CKAbqh.png,CKAbqh
Datasets\captcha_images_v2\SzN2w1.png,SzN2w1
Datasets\captcha_images_v2\E5K4Lk.png,E5K4Lk
Datasets\captcha_images_v2\4e1861.png,4e1861
Datasets\captcha_images_v2\7c9867.png,7c9867
Datasets\captcha_images_v2\x1kQXz.png,x1kQXz
Datasets\captcha_images_v2\s6MfRY.png,s6MfRY
Datasets\captcha_images_v2\vVu49e.png,vVu49e
Datasets\captcha_images_v2\7KuNBp.png,7KuNBp
Datasets\captcha_images_v2\1c216e.png,1c216e
Datasets\captcha_images_v2\1GrPMu.png,1GrPMu
Datasets\captcha_images_v2\6a5130.png,6a5130
Datasets\captcha_images_v2\32717a.png,32717a
Datasets\captcha_images_v2\b109c1.png,b109c1
Datasets\captcha_images_v2\RB1vMa.png,RB1vMa
Datasets\captcha_images_v2\Oiq0Qc.png,Oiq0Qc
Datasets\captcha_images_v2\cCALbe.png,cCALbe
Datasets\captcha_images_v2\1bf20c.png,1bf20c
Datasets\captcha_images_v2\Rvu8k0.png,Rvu8k0
Datasets\captcha_images_v2\50c2db.png,50c2db
Datasets\captcha_images_v2\5f86c3.png,5f86c3
Datasets\captcha_images_v2\vKNWKt.png,vKNWKt
Datasets\captcha_images_v2\OLkNId.png,OLkNId
Datasets\captcha_images_v2\fc6581.png,fc6581
Datasets\captcha_images_v2\Nc9JSF.png,Nc9JSF
Datasets\captcha_images_v2\7PiRYC.png,7PiRYC
Datasets\captcha_images_v2\tw67Qy.png,tw67Qy
Datasets\captcha_images_v2\GyO25u.png,GyO25u
Datasets\captcha_images_v2\4f7ab6.png,4f7ab6
Datasets\captcha_images_v2\d6fb14.png,d6fb14
Datasets\captcha_images_v2\QCbRmM.png,QCbRmM
Datasets\captcha_images_v2\U5YNyG.png,U5YNyG
Datasets\captcha_images_v2\8z9dE5.png,8z9dE5
Datasets\captcha_images_v2\cS5IdE.png,cS5IdE
Datasets\captcha_images_v2\cce381.png,cce381
Datasets\captcha_images_v2\3a6752.png,3a6752
Datasets\captcha_images_v2\XaDJbe.png,XaDJbe
Datasets\captcha_images_v2\7c4e83.png,7c4e83
Datasets\captcha_images_v2\YyhZeh.png,YyhZeh
Datasets\captcha_images_v2\BU7S0t.png,BU7S0t
Datasets\captcha_images_v2\c026bb.png,c026bb
Datasets\captcha_images_v2\tlHHi9.png,tlHHi9
Datasets\captcha_images_v2\ryKif3.png,ryKif3
Datasets\captcha_images_v2\b1kpcN.png,b1kpcN
Datasets\captcha_images_v2\1L11bx.png,1L11bx
Datasets\captcha_images_v2\YeAe3i.png,YeAe3i
Datasets\captcha_images_v2\067c5a.png,067c5a
Datasets\captcha_images_v2\8a85b6.png,8a85b6
Datasets\captcha_images_v2\657f84.png,657f84
Datasets\captcha_images_v2\499096.png,499096
Datasets\captcha_images_v2\x26NSv.png,x26NSv
Datasets\captcha_images_v2\3e54d4.png,3e54d4
Datasets\captcha_images_v2\MDfmbp.png,MDfmbp
Datasets\captcha_images_v2\7cc82c.png,7cc82c
Datasets\captcha_images_v2\870e42.png,870e42
Datasets\captcha_images_v2\lC96Yz.png,lC96Yz
Datasets\captcha_images_v2\vRbwfv.png,vRbwfv
Datasets\captcha_images_v2\a2c164.png,a2c164
Datasets\captcha_images_v2\kQEYqL.png,kQEYqL
Datasets\captcha_images_v2\ljcWJM.png,ljcWJM
Datasets\captcha_images_v2\Tmc3ye.png,Tmc3ye
Datasets\captcha_images_v2\8cae2f.png,8cae2f
